COOPID, YEAR, MONTH, DAY, PRECIPITATION, MAX TEMP, MIN TEMP, MEAN TEMP
80945,2015,1,1,0.00000,74.00000,60.00000, 
80945,2015,1,2,0.00000,78.00000,64.00000, 
80945,2015,1,3,0.00000,85.00000,70.00000, 
80945,2015,1,4,0.00000,83.00000,69.00000, 
80945,2015,1,5,0.00000,75.00000,61.00000, 
80945,2015,1,6,0.00000,78.00000,56.00000, 
80945,2015,1,7,0.00000,66.00000,50.00000, 
80945,2015,1,8,0.00000,61.00000,40.00000, 
80945,2015,1,9,0.00000,59.00000,48.00000, 
80945,2015,1,10,0.00000,65.00000,45.00000, 
80945,2015,1,11,0.00000,81.00000,52.00000, 
80945,2015,1,12,0.34000,78.00000,64.00000, 
80945,2015,1,13,0.00000,78.00000,62.00000, 
80945,2015,1,14,0.00000,67.00000,60.00000, 
80945,2015,1,15,0.00000,62.00000,55.00000, 
80945,2015,1,16,0.00000,65.00000,51.00000, 
80945,2015,1,17,0.00000,74.00000,47.00000, 
80945,2015,1,18,0.00000,74.00000,47.00000, 
80945,2015,1,19,0.00000,74.00000,47.00000, 
80945,2015,1,20,0.00000,71.00000,52.00000, 
80945,2015,1,21,0.00000,78.00000,53.00000, 
80945,2015,1,22,0.00000,80.00000,60.00000, 
80945,2015,1,23,1.70000,80.00000,64.00000, 
80945,2015,1,24,0.64000,71.00000,52.00000, 
80945,2015,1,25,0.00000,65.00000,46.00000, 
80945,2015,1,26,0.02000,67.00000,55.00000, 
80945,2015,1,27,0.00000,67.00000,46.00000, 
80945,2015,1,28,0.00000,61.00000,48.00000, 
80945,2015,1,29,0.00000,70.00000,43.00000, 
80945,2015,1,30,0.00000,72.00000,46.00000, 
80945,2015,1,31,0.00000,72.00000,45.00000, 
80945,2015,2,1,0.00000,76.00000,52.00000, 
80945,2015,2,2,0.09000,76.00000,54.00000, 
80945,2015,2,3,0.00000,68.00000,43.00000, 
80945,2015,2,4,0.00000,74.00000,53.00000, 
80945,2015,2,5,1.59000,67.00000,47.00000, 
80945,2015,2,6,0.00000,67.00000,49.00000, 
80945,2015,2,7,0.00000,71.00000,48.00000, 
80945,2015,2,8,0.00000,76.00000,50.00000, 
80945,2015,2,9,1.60000,67.00000,56.00000, 
80945,2015,2,10,0.00000,63.00000,53.00000, 
80945,2015,2,11,0.00000,65.00000,47.00000, 
80945,2015,2,12,0.00000,66.00000,44.00000, 
80945,2015,2,13,0.00000,58.00000,43.00000, 
80945,2015,2,14,0.00000,59.00000,41.00000, 
80945,2015,2,15,0.00000,72.00000,47.00000, 
80945,2015,2,16,0.00000,76.00000,52.00000, 
80945,2015,2,17,0.68000,78.00000,59.00000, 
80945,2015,2,18,0.15000,59.00000,51.00000, 
80945,2015,2,19,0.00000,55.00000,41.00000, 
80945,2015,2,20,0.00000,58.00000,34.00000, 
80945,2015,2,21,0.00000,75.00000,43.00000, 
80945,2015,2,22,0.00000,82.00000,57.00000, 
80945,2015,2,23,0.00000,81.00000,61.00000, 
80945,2015,2,24,0.00000,72.00000,63.00000, 
80945,2015,2,25,0.02000,78.00000,63.00000, 
80945,2015,2,26,0.00000,73.00000,56.00000, 
80945,2015,2,27,0.00000,61.00000,55.00000, 
80945,2015,2,28,0.00000,68.00000,56.00000, 
80945,2015,3,1,0.00000,83.00000,67.00000, 
80945,2015,3,2,0.06000,83.00000,67.00000, 
80945,2015,3,3,0.00000,83.00000,64.00000, 
80945,2015,3,4,0.00000,85.00000,64.00000, 
80945,2015,3,5,0.00000,84.00000,65.00000, 
80945,2015,3,6,0.00000,82.00000,59.00000, 
80945,2015,3,7,0.00000,76.00000,54.00000, 
80945,2015,3,8,0.00000,80.00000,61.00000, 
80945,2015,3,9,0.00000,84.00000,63.00000, 
80945,2015,3,10,0.00000,86.00000,67.00000, 
80945,2015,3,11,0.00000,89.00000,69.00000, 
80945,2015,3,12,0.00000,88.00000,71.00000, 
80945,2015,3,13,0.02000,87.00000,68.00000, 
80945,2015,3,14,0.00000,87.00000,68.00000, 
80945,2015,3,15,0.00000,86.00000,66.00000, 
80945,2015,3,16,0.00000,86.00000,65.00000, 
80945,2015,3,17,0.00000,86.00000,64.00000, 
80945,2015,3,18,0.00000,85.00000,69.00000, 
80945,2015,3,19,0.00000,86.00000,66.00000, 
80945,2015,3,20,0.00000,84.00000,64.00000, 
80945,2015,3,21,0.00000,84.00000,63.00000, 
80945,2015,3,22,0.00000,84.00000,66.00000, 
80945,2015,3,23,0.16000,83.00000,69.00000, 
80945,2015,3,24,0.00000,80.00000,65.00000, 
80945,2015,3,25,0.00000,83.00000,64.00000, 
80945,2015,3,26,0.00000,87.00000,67.00000, 
80945,2015,3,27,0.76000,81.00000,64.00000, 
80945,2015,3,28,0.00000,67.00000,56.00000, 
80945,2015,3,29,0.00000,73.00000,51.00000, 
80945,2015,3,30,0.00000,73.00000,51.00000, 
80945,2015,3,31,0.00000,79.00000,57.00000, 
80945,2015,4,1,0.00000,82.00000,60.00000, 
80945,2015,4,2,0.00000,85.00000,63.00000, 
80945,2015,4,3,0.00000,86.00000,64.00000, 
80945,2015,4,4,0.00000,85.00000,62.00000, 
80945,2015,4,5,0.14000,87.00000,62.00000, 
80945,2015,4,6,0.02000,86.00000,67.00000, 
80945,2015,4,7,0.00000,87.00000,69.00000, 
80945,2015,4,8,0.00000,88.00000,70.00000, 
80945,2015,4,9,0.00000,87.00000,67.00000, 
80945,2015,4,10,0.00000,89.00000,69.00000, 
80945,2015,4,11,0.00000,90.00000,72.00000, 
80945,2015,4,12,0.00000,90.00000,69.00000, 
80945,2015,4,13,0.00000,87.00000,71.00000, 
80945,2015,4,14,0.02000,89.00000,70.00000, 
80945,2015,4,15,0.00000,91.00000,70.00000, 
80945,2015,4,16,0.00000,88.00000,71.00000, 
80945,2015,4,17,0.00000,87.00000,70.00000, 
80945,2015,4,18,0.00000,90.00000,70.00000, 
80945,2015,4,19,0.15000,90.00000,71.00000, 
80945,2015,4,20,0.29000,90.00000,70.00000, 
80945,2015,4,21,0.00000,87.00000,68.00000, 
80945,2015,4,22,0.02000,89.00000,71.00000, 
80945,2015,4,23,1.90000,89.00000,70.00000, 
80945,2015,4,24,0.00000,87.00000,74.00000, 
80945,2015,4,25,0.00000,89.00000,71.00000, 
80945,2015,4,26,0.00000,88.00000,78.00000, 
80945,2015,4,27,0.00000,92.00000,76.00000, 
80945,2015,4,28,0.06000,82.00000,67.00000, 
80945,2015,4,29,0.20000,87.00000,71.00000, 
80945,2015,4,30,0.00000,78.00000,66.00000, 
80945,2015,5,1,0.00000,81.00000,62.00000, 
80945,2015,5,2,0.00000,82.00000,62.00000, 
80945,2015,5,3,0.00000,84.00000,63.00000, 
80945,2015,5,4,0.00000,83.00000,63.00000, 
80945,2015,5,5,0.00000,84.00000,66.00000, 
80945,2015,5,6,0.00000,86.00000,67.00000, 
80945,2015,5,7,0.00000,86.00000,67.00000, 
80945,2015,5,8,0.00000,87.00000,64.00000, 
80945,2015,5,9,0.00000,91.00000,66.00000, 
80945,2015,5,10,0.00000,92.00000,66.00000, 
80945,2015,5,11,0.00000,93.00000,66.00000, 
80945,2015,5,12,0.60000,92.00000,72.00000, 
80945,2015,5,13,0.00000,91.00000,72.00000, 
80945,2015,5,14,0.32000,91.00000,72.00000, 
80945,2015,5,15,0.00000,91.00000,71.00000, 
80945,2015,5,16,0.62000,90.00000,72.00000, 
80945,2015,5,17,1.75000,89.00000,71.00000, 
80945,2015,5,18,0.01000,90.00000,71.00000, 
80945,2015,5,19,0.00000,88.00000,73.00000, 
80945,2015,5,20,0.00000,90.00000,75.00000, 
80945,2015,5,21,0.00000,89.00000,73.00000, 
80945,2015,5,22,0.00000,92.00000,73.00000, 
80945,2015,5,23,0.00000,92.00000,72.00000, 
80945,2015,5,24,0.00000,92.00000,75.00000, 
80945,2015,5,25,0.19000,94.00000,74.00000, 
80945,2015,5,26,0.02000,92.00000,75.00000, 
80945,2015,5,27,0.00000,91.00000,73.00000, 
80945,2015,5,28,0.00000,89.00000,70.00000, 
80945,2015,5,29,0.00000,89.00000,68.00000, 
80945,2015,5,30,0.18000,93.00000,71.00000, 
80945,2015,5,31,0.35000,92.00000,71.00000, 
80945,2015,6,1,0.10000,92.00000,70.00000, 
80945,2015,6,2,1.72000,77.00000,69.00000, 
80945,2015,6,3,0.00000,87.00000,70.00000, 
80945,2015,6,4,0.00000,91.00000,71.00000, 
80945,2015,6,5,0.03000,91.00000,71.00000, 
80945,2015,6,6,0.02000,85.00000,73.00000, 
80945,2015,6,7,0.11000,89.00000,71.00000, 
80945,2015,6,8,0.00000,93.00000,72.00000, 
80945,2015,6,9,0.55000,93.00000,74.00000, 
80945,2015,6,10,0.06000,90.00000,72.00000, 
80945,2015,6,11,0.35000,88.00000,72.00000, 
80945,2015,6,12,0.35000,92.00000,72.00000, 
80945,2015,6,13,0.00000,91.00000,76.00000, 
80945,2015,6,14,0.00000,93.00000,76.00000, 
80945,2015,6,15,0.00000,93.00000,74.00000, 
80945,2015,6,16,0.01000,93.00000,75.00000, 
80945,2015,6,17,0.00000,95.00000,76.00000, 
80945,2015,6,18,0.00000,95.00000,78.00000, 
80945,2015,6,19,0.00000,93.00000,78.00000, 
80945,2015,6,20,0.00000,92.00000,77.00000, 
80945,2015,6,21,0.00000,95.00000,75.00000, 
80945,2015,6,22,1.00000,97.00000,75.00000, 
80945,2015,6,23,0.45000,96.00000,76.00000, 
80945,2015,6,24,0.00000,96.00000,74.00000, 
80945,2015,6,25,0.00000,95.00000,76.00000, 
80945,2015,6,26,0.00000,95.00000,74.00000, 
80945,2015,6,27,0.00000,95.00000,74.00000, 
80945,2015,6,28,0.00000,95.00000,74.00000, 
80945,2015,6,29,0.00000,93.00000,78.00000, 
80945,2015,6,30,0.00000,95.00000,78.00000, 
80945,2015,7,1,0.00000,93.00000,78.00000, 
80945,2015,7,2,0.00000,96.00000,76.00000, 
80945,2015,7,3,0.00000,97.00000,75.00000, 
80945,2015,7,4,0.00000,96.00000,73.00000, 
80945,2015,7,5,0.62000,96.00000,73.00000, 
80945,2015,7,6,0.02000,93.00000,72.00000, 
80945,2015,7,7,0.03000,92.00000,74.00000, 
80945,2015,7,8,0.00000,95.00000,73.00000, 
80945,2015,7,9,0.00000,94.00000,76.00000, 
80945,2015,7,10,0.00000,96.00000,76.00000, 
80945,2015,7,11,0.00000,95.00000,77.00000, 
80945,2015,7,12,0.61000,88.00000,73.00000, 
80945,2015,7,13,0.00000,94.00000,75.00000, 
80945,2015,7,14,0.01000,92.00000,78.00000, 
80945,2015,7,15,0.30000,92.00000,76.00000, 
80945,2015,7,16,0.34000,89.00000,76.00000, 
80945,2015,7,17,0.40000,89.00000,76.00000, 
80945,2015,7,18,0.17000,89.00000,77.00000, 
80945,2015,7,19,0.00000,93.00000,77.00000, 
80945,2015,7,20,0.00000,94.00000,78.00000, 
80945,2015,7,21,0.70000,92.00000,77.00000, 
80945,2015,7,22,0.00000,93.00000,79.00000, 
80945,2015,7,23,1.47000,89.00000,79.00000, 
80945,2015,7,24,0.85000,86.00000,75.00000, 
80945,2015,7,25,0.42000,82.00000,76.00000, 
80945,2015,7,26,0.92000,91.00000,76.00000, 
80945,2015,7,27,1.20000,86.00000,76.00000, 
80945,2015,7,28,0.01000,90.00000,80.00000, 
80945,2015,7,29,0.00000,91.00000,79.00000, 
80945,2015,7,30,0.20000,93.00000,76.00000, 
80945,2015,7,31,0.16000,91.00000,76.00000, 
80945,2015,8,1,0.35000,89.00000,72.00000, 
80945,2015,8,2,0.17000,84.00000,74.00000, 
80945,2015,8,3,1.51000,86.00000,72.00000, 
80945,2015,8,4,0.00000,92.00000,75.00000, 
80945,2015,8,5,0.00000,94.00000,76.00000, 
80945,2015,8,6,0.00000,94.00000,76.00000, 
80945,2015,8,7,0.00000,93.00000,79.00000, 
80945,2015,8,8,0.49000,89.00000,77.00000, 
80945,2015,8,9,0.33000,92.00000,76.00000, 
80945,2015,8,10,0.76000,92.00000,76.00000, 
80945,2015,8,11,0.01000,92.00000,77.00000, 
80945,2015,8,12,0.00000,92.00000,79.00000, 
80945,2015,8,13,0.40000,94.00000,76.00000, 
80945,2015,8,14,1.13000,90.00000,74.00000, 
80945,2015,8,15,0.34000,91.00000,74.00000, 
80945,2015,8,16,1.37000,92.00000,73.00000, 
80945,2015,8,17,0.69000,94.00000,73.00000, 
80945,2015,8,18,0.84000,94.00000,77.00000, 
80945,2015,8,19,0.09000,94.00000,76.00000, 
80945,2015,8,20,0.01000,94.00000,76.00000, 
80945,2015,8,21,0.00000,94.00000,78.00000, 
80945,2015,8,22,0.00000,96.00000,77.00000, 
80945,2015,8,23,0.00000,94.00000,79.00000, 
80945,2015,8,24,0.00000,96.00000,80.00000, 
80945,2015,8,25,0.00000,95.00000,79.00000, 
80945,2015,8,26,0.00000,95.00000,77.00000, 
80945,2015,8,27,0.10000,86.00000,76.00000, 
80945,2015,8,28,0.19000,91.00000,75.00000, 
80945,2015,8,29,0.00000,92.00000,73.00000, 
80945,2015,8,30,0.00000,92.00000,74.00000, 
80945,2015,8,31,0.02000,92.00000,74.00000, 
80945,2015,9,1,0.00000,93.00000,77.00000, 
80945,2015,9,2,0.00000,95.00000,78.00000, 
80945,2015,9,3,0.00000,93.00000,77.00000, 
80945,2015,9,4,0.05000,93.00000,76.00000, 
80945,2015,9,5,0.17000,91.00000,74.00000, 
80945,2015,9,6,1.15000,91.00000,74.00000, 
80945,2015,9,7,0.62000,91.00000,74.00000, 
80945,2015,9,8,0.09000,91.00000,77.00000, 
80945,2015,9,9,0.02000,91.00000,77.00000, 
80945,2015,9,10,0.00000,93.00000,79.00000, 
80945,2015,9,11,0.00000,95.00000,78.00000, 
80945,2015,9,12,0.80000,95.00000,76.00000, 
80945,2015,9,13,0.52000,86.00000,75.00000, 
80945,2015,9,14,0.00000,89.00000,73.00000, 
80945,2015,9,15,0.01000,89.00000,76.00000, 
80945,2015,9,16,0.19000,86.00000,75.00000, 
80945,2015,9,17,1.42000,82.00000,75.00000, 
80945,2015,9,18,0.00000,85.00000,75.00000, 
80945,2015,9,19,0.00000,89.00000,76.00000, 
80945,2015,9,20,0.00000,91.00000,76.00000, 
80945,2015,9,21,0.00000,91.00000,76.00000, 
80945,2015,9,22,0.00000,91.00000,74.00000, 
80945,2015,9,23,0.00000,89.00000,74.00000, 
80945,2015,9,24,0.02000,89.00000,73.00000, 
80945,2015,9,25,0.00000,92.00000,74.00000, 
80945,2015,9,26,0.00000,89.00000,74.00000, 
80945,2015,9,27,0.00000,87.00000,77.00000, 
80945,2015,9,28,0.49000,84.00000,76.00000, 
80945,2015,9,29,2.82000,90.00000,75.00000, 
80945,2015,9,30,0.00000,88.00000,77.00000, 
80945,2015,10,1,0.00000,86.00000,76.00000, 
80945,2015,10,2,0.00000,88.00000,76.00000, 
80945,2015,10,3,0.00000,88.00000,72.00000, 
80945,2015,10,4,0.30000,88.00000,68.00000, 
80945,2015,10,5,0.01000,81.00000,68.00000, 
80945,2015,10,6,0.00000,84.00000,70.00000, 
80945,2015,10,7,0.00000,87.00000,70.00000, 
80945,2015,10,8,1.50000,87.00000,72.00000, 
80945,2015,10,9,0.00000,88.00000,74.00000, 
80945,2015,10,10,0.06000,88.00000,73.00000, 
80945,2015,10,11,0.00000,84.00000,69.00000, 
80945,2015,10,12,0.00000,84.00000,67.00000, 
80945,2015,10,13,0.09000,86.00000,70.00000, 
80945,2015,10,14,0.00000,89.00000,70.00000, 
80945,2015,10,15,0.00000,86.00000,70.00000, 
80945,2015,10,16,0.00000,85.00000,71.00000, 
80945,2015,10,17,0.00000,83.00000,69.00000, 
80945,2015,10,18,0.00000,86.00000,67.00000, 
80945,2015,10,19,0.00000,82.00000,67.00000, 
80945,2015,10,20,0.00000,85.00000,66.00000, 
80945,2015,10,21,0.00000,84.00000,67.00000, 
80945,2015,10,22,0.00000,86.00000,70.00000, 
80945,2015,10,23,0.00000,86.00000,70.00000, 
80945,2015,10,24,0.00000,86.00000,66.00000, 
80945,2015,10,25,0.00000,87.00000,70.00000, 
80945,2015,10,26,0.00000,85.00000,71.00000, 
80945,2015,10,27,0.50000,78.00000,72.00000, 
80945,2015,10,28,0.07000,85.00000,75.00000, 
80945,2015,10,29,0.00000,87.00000,71.00000, 
80945,2015,10,30,0.00000,84.00000,68.00000, 
80945,2015,10,31,0.00000,87.00000,67.00000, 
80945,2015,11,1,0.00000,89.00000,74.00000, 
80945,2015,11,2,0.02000,89.00000,75.00000, 
80945,2015,11,3,0.00000,91.00000,73.00000, 
80945,2015,11,4,0.00000,91.00000,74.00000, 
80945,2015,11,5,0.00000,89.00000,75.00000, 
80945,2015,11,6,0.00000,88.00000,72.00000, 
80945,2015,11,7,0.00000,88.00000,71.00000, 
80945,2015,11,8,0.00000,88.00000,71.00000, 
80945,2015,11,9,0.16000,86.00000,75.00000, 
80945,2015,11,10,0.01000,81.00000,72.00000, 
80945,2015,11,11,0.00000,85.00000,70.00000, 
80945,2015,11,12,0.00000,87.00000,69.00000, 
80945,2015,11,13,0.00000,84.00000,69.00000, 
80945,2015,11,14,0.00000,79.00000,61.00000, 
80945,2015,11,15,0.00000,79.00000,61.00000, 
80945,2015,11,16,0.00000,85.00000,67.00000, 
80945,2015,11,17,0.00000,86.00000,68.00000, 
80945,2015,11,18,0.01000,87.00000,72.00000, 
80945,2015,11,19,0.06000,85.00000,74.00000, 
80945,2015,11,20,0.00000,81.00000,72.00000, 
80945,2015,11,21,1.26000,80.00000,71.00000, 
80945,2015,11,22,0.12000,81.00000,67.00000, 
80945,2015,11,23,0.00000,67.00000,50.00000, 
80945,2015,11,24,0.00000,74.00000,53.00000, 
80945,2015,11,25,0.00000,80.00000,61.00000, 
80945,2015,11,26,0.00000,81.00000,64.00000, 
80945,2015,11,27,0.00000,81.00000,65.00000, 
80945,2015,11,28,0.00000,79.00000,63.00000, 
80945,2015,11,29,0.00000,80.00000,61.00000, 
80945,2015,11,30,0.00000,82.00000,63.00000, 
80945,2015,12,1,0.00000,84.00000,68.00000, 
80945,2015,12,2,0.00000,85.00000,70.00000, 
80945,2015,12,3,0.96000,78.00000,62.00000, 
80945,2015,12,4,0.00000,74.00000,62.00000, 
80945,2015,12,5,0.00000,81.00000,66.00000, 
80945,2015,12,6,0.00000,81.00000,66.00000, 
80945,2015,12,7,0.00000,73.00000,61.00000, 
80945,2015,12,8,0.00000,76.00000,56.00000, 
80945,2015,12,9,0.00000,78.00000,63.00000, 
80945,2015,12,10,0.00000,79.00000,61.00000, 
80945,2015,12,11,0.00000,79.00000,58.00000, 
80945,2015,12,12,0.00000,83.00000,61.00000, 
80945,2015,12,13,0.02000,83.00000,63.00000, 
80945,2015,12,14,0.00000,83.00000,63.00000, 
80945,2015,12,15,0.00000,86.00000,71.00000, 
80945,2015,12,16,0.00000,84.00000,67.00000, 
80945,2015,12,17,0.00000,82.00000,70.00000, 
80945,2015,12,18,0.40000,77.00000,59.00000, 
80945,2015,12,19,0.00000,67.00000,47.00000, 
80945,2015,12,20,0.00000,77.00000,51.00000, 
80945,2015,12,21,0.00000,83.00000,51.00000, 
80945,2015,12,22,0.00000,84.00000,70.00000, 
80945,2015,12,23,0.00000,85.00000,73.00000, 
80945,2015,12,24,0.00000,85.00000,72.00000, 
80945,2015,12,25,0.00000,85.00000,70.00000, 
80945,2015,12,26,0.00000,85.00000,69.00000, 
80945,2015,12,27,0.00000,85.00000,69.00000, 
80945,2015,12,28,0.00000,86.00000,70.00000, 
80945,2015,12,29,0.00000,86.00000,70.00000, 
80945,2015,12,30,0.00000,85.00000,69.00000, 
80945,2015,12,31,0.00000,83.00000,70.00000, 
80945,2016,1,1,0.00000,84.00000,68.00000, 
80945,2016,1,2,0.00000,71.00000,62.00000, 
80945,2016,1,3,0.16000,63.00000,53.00000, 
80945,2016,1,4,0.00000,64.00000,52.00000, 
80945,2016,1,5,0.00000,69.00000,50.00000, 
80945,2016,1,6,0.04000,70.00000,56.00000, 
80945,2016,1,7,0.00000,66.00000,55.00000, 
80945,2016,1,8,0.32000,77.00000,55.00000, 
80945,2016,1,9,0.55000,80.00000,62.00000, 
80945,2016,1,10,0.02000,73.00000,56.00000, 
80945,2016,1,11,0.00000,59.00000,47.00000, 
80945,2016,1,12,0.00000,64.00000,45.00000, 
80945,2016,1,13,0.00000,60.00000,49.00000, 
80945,2016,1,14,0.00000,69.00000,50.00000, 
80945,2016,1,15,0.41000,73.00000,58.00000, 
80945,2016,1,16,0.40000,78.00000,55.00000, 
80945,2016,1,17,0.90000,72.00000,54.00000, 
80945,2016,1,18,0.06000,59.00000,45.00000, 
80945,2016,1,19,0.00000,56.00000,44.00000, 
80945,2016,1,20,0.00000,65.00000,41.00000, 
80945,2016,1,21,0.00000,70.00000,47.00000, 
80945,2016,1,22,0.14000,71.00000,47.00000, 
80945,2016,1,23,0.00000,62.00000,50.00000, 
80945,2016,1,24,0.00000,54.00000,40.00000, 
80945,2016,1,25,0.02000,67.00000,36.00000, 
80945,2016,1,26,0.26000,77.00000,54.00000, 
80945,2016,1,27,0.95000,69.00000,64.00000, 
80945,2016,1,28,0.66000,69.00000,61.00000, 
80945,2016,1,29,0.01000,62.00000,48.00000, 
80945,2016,1,30,0.00000,69.00000,48.00000, 
80945,2016,1,31,0.00000,73.00000,53.00000, 
80945,2016,2,1,0.00000,81.00000,61.00000, 
80945,2016,2,2,0.00000,81.00000,63.00000, 
80945,2016,2,3,0.00000,84.00000,70.00000, 
80945,2016,2,4,0.18000,81.00000,58.00000, 
80945,2016,2,5,0.00000,62.00000,47.00000, 
80945,2016,2,6,0.31000,57.00000,48.00000, 
80945,2016,2,7,0.00000,56.00000,45.00000, 
80945,2016,2,8,0.00000,68.00000,41.00000, 
80945,2016,2,9,0.00000,64.00000,54.00000, 
80945,2016,2,10,0.00000,58.00000,44.00000, 
80945,2016,2,11,0.00000,67.00000,41.00000, 
80945,2016,2,12,0.00000,71.00000,43.00000, 
80945,2016,2,13,0.00000,69.00000,52.00000, 
80945,2016,2,14,0.00000,72.00000,45.00000, 
80945,2016,2,15,0.00000,74.00000,45.00000, 
80945,2016,2,16,0.52000,73.00000,55.00000, 
80945,2016,2,17,0.00000,72.00000,52.00000, 
80945,2016,2,18,0.00000,73.00000,56.00000, 
80945,2016,2,19,0.00000,76.00000,53.00000, 
80945,2016,2,20,0.00000,77.00000,53.00000, 
80945,2016,2,21,0.00000,77.00000,54.00000, 
80945,2016,2,22,0.01000,81.00000,55.00000, 
80945,2016,2,23,0.00000,82.00000,63.00000, 
80945,2016,2,24,0.49000,75.00000,61.00000, 
80945,2016,2,25,0.00000,63.00000,51.00000, 
80945,2016,2,26,0.00000,63.00000,48.00000, 
80945,2016,2,27,0.00000,62.00000,43.00000, 
80945,2016,2,28,0.00000,73.00000,46.00000, 
80945,2016,2,29,0.00000,76.00000,56.00000, 
80945,2016,3,1,0.00000,80.00000,53.00000, 
80945,2016,3,2,0.00000,76.00000,60.00000, 
80945,2016,3,3,0.00000,80.00000,54.00000, 
80945,2016,3,4,0.00000,75.00000,58.00000, 
80945,2016,3,5,0.00000,72.00000,53.00000, 
80945,2016,3,6,0.00000,76.00000,52.00000, 
80945,2016,3,7,0.00000,79.00000,49.00000, 
80945,2016,3,8,0.00000,80.00000,57.00000, 
80945,2016,3,9,0.00000,81.00000,63.00000, 
80945,2016,3,10,0.00000,85.00000,66.00000, 
80945,2016,3,11,0.00000,84.00000,65.00000, 
80945,2016,3,12,0.00000,85.00000,65.00000, 
80945,2016,3,13,0.00000,85.00000,67.00000, 
80945,2016,3,14,0.00000,85.00000,71.00000, 
80945,2016,3,15,0.00000,85.00000,73.00000, 
80945,2016,3,16,0.00000,85.00000,71.00000, 
80945,2016,3,17,0.00000,87.00000,68.00000, 
80945,2016,3,18,0.00000,84.00000,65.00000, 
80945,2016,3,19,0.59000,76.00000,67.00000, 
80945,2016,3,20,0.00000,80.00000,66.00000, 
80945,2016,3,21,0.00000,80.00000,50.00000, 
80945,2016,3,22,0.00000,75.00000,45.00000, 
80945,2016,3,23,0.00000,81.00000,53.00000, 
80945,2016,3,24,0.00000,83.00000,61.00000, 
80945,2016,3,25,0.00000,81.00000,63.00000, 
80945,2016,3,26,0.10000,89.00000,63.00000, 
80945,2016,3,27,0.00000,85.00000,70.00000, 
80945,2016,3,28,0.00000,86.00000,72.00000, 
80945,2016,3,29,0.79000,79.00000,65.00000, 
80945,2016,3,30,0.00000,83.00000,61.00000, 
80945,2016,3,31,0.00000,87.00000,66.00000, 
80945,2016,4,1,0.00000,88.00000,70.00000, 
80945,2016,4,2,0.85000,76.00000,68.00000, 
80945,2016,4,3,0.00000,74.00000,61.00000, 
80945,2016,4,4,0.00000,80.00000,60.00000, 
80945,2016,4,5,0.08000,81.00000,55.00000, 
80945,2016,4,6,0.00000,82.00000,62.00000, 
80945,2016,4,7,0.01000,79.00000,64.00000, 
80945,2016,4,8,0.00000,81.00000,61.00000, 
80945,2016,4,9,0.00000,75.00000,62.00000, 
80945,2016,4,10,0.00000,81.00000,57.00000, 
80945,2016,4,11,0.00000,83.00000,62.00000, 
80945,2016,4,12,0.00000,83.00000,60.00000, 
80945,2016,4,13,0.00000,86.00000,63.00000, 
80945,2016,4,14,0.00000,86.00000,67.00000, 
80945,2016,4,15,0.01000,81.00000,67.00000, 
80945,2016,4,16,0.00000,82.00000,68.00000, 
80945,2016,4,17,0.00000,82.00000,65.00000, 
80945,2016,4,18,0.00000,83.00000,59.00000, 
80945,2016,4,19,0.00000,83.00000,60.00000, 
80945,2016,4,20,0.00000,82.00000,61.00000, 
80945,2016,4,21,0.00000,84.00000,64.00000, 
80945,2016,4,22,0.00000,87.00000,69.00000, 
80945,2016,4,23,0.00000,82.00000,68.00000, 
80945,2016,4,24,0.00000,87.00000,63.00000, 
80945,2016,4,25,0.08000,87.00000,63.00000, 
80945,2016,4,26,0.00000,88.00000,68.00000, 
80945,2016,4,27,0.00000,87.00000,68.00000, 
80945,2016,4,28,-99.90000,-99.90000,-99.90000, 
80945,2016,4,29,-99.90000,-99.90000,-99.90000, 
80945,2016,4,30,-99.90000,-99.90000,-99.90000, 
80945,2016,5,1,0.00000,90.00000,69.00000, 
80945,2016,5,2,0.00000,90.00000,71.00000, 
80945,2016,5,3,0.00000,90.00000,75.00000, 
80945,2016,5,4,6.74000,88.00000,69.00000, 
80945,2016,5,5,0.00000,82.00000,72.00000, 
80945,2016,5,6,0.00000,76.00000,63.00000, 
80945,2016,5,7,0.00000,79.00000,58.00000, 
80945,2016,5,8,0.00000,85.00000,58.00000, 
80945,2016,5,9,0.00000,86.00000,62.00000, 
80945,2016,5,10,0.00000,86.00000,65.00000, 
80945,2016,5,11,0.00000,90.00000,71.00000, 
80945,2016,5,12,0.00000,88.00000,70.00000, 
80945,2016,5,13,0.00000,89.00000,71.00000, 
80945,2016,5,14,0.00000,88.00000,72.00000, 
80945,2016,5,15,0.00000,87.00000,65.00000, 
80945,2016,5,16,0.00000,91.00000,70.00000, 
80945,2016,5,17,0.90000,90.00000,72.00000, 
80945,2016,5,18,0.04000,90.00000,72.00000, 
80945,2016,5,19,0.02000,89.00000,72.00000, 
80945,2016,5,20,0.14000,91.00000,73.00000, 
80945,2016,5,21,0.01000,89.00000,68.00000, 
80945,2016,5,22,0.00000,86.00000,71.00000, 
80945,2016,5,23,0.00000,88.00000,71.00000, 
80945,2016,5,24,0.00000,92.00000,65.00000, 
80945,2016,5,25,0.00000,90.00000,71.00000, 
80945,2016,5,26,0.00000,87.00000,67.00000, 
80945,2016,5,27,0.00000,87.00000,65.00000, 
80945,2016,5,28,0.00000,89.00000,71.00000, 
80945,2016,5,29,0.00000,91.00000,72.00000, 
80945,2016,5,30,0.49000,92.00000,71.00000, 
80945,2016,5,31,0.01000,92.00000,71.00000, 
80945,2016,6,1,0.02000,93.00000,73.00000, 
80945,2016,6,2,0.00000,93.00000,72.00000, 
80945,2016,6,3,0.01000,95.00000,75.00000, 
80945,2016,6,4,0.00000,95.00000,75.00000, 
80945,2016,6,5,0.95000,90.00000,77.00000, 
80945,2016,6,6,2.83000,81.00000,72.00000, 
80945,2016,6,7,0.48000,88.00000,77.00000, 
80945,2016,6,8,0.99000,90.00000,76.00000, 
80945,2016,6,9,0.00000,90.00000,77.00000, 
80945,2016,6,10,1.85000,89.00000,71.00000, 
80945,2016,6,11,0.01000,90.00000,72.00000, 
80945,2016,6,12,0.00000,91.00000,77.00000, 
80945,2016,6,13,0.05000,92.00000,77.00000, 
80945,2016,6,14,0.00000,95.00000,79.00000, 
80945,2016,6,15,0.00000,93.00000,79.00000, 
80945,2016,6,16,0.15000,92.00000,79.00000, 
80945,2016,6,17,0.11000,90.00000,78.00000, 
80945,2016,6,18,0.28000,92.00000,72.00000, 
80945,2016,6,19,0.03000,92.00000,71.00000, 
80945,2016,6,20,0.01000,84.00000,69.00000, 
80945,2016,6,21,0.00000,89.00000,69.00000, 
80945,2016,6,22,0.12000,87.00000,70.00000, 
80945,2016,6,23,0.00000,93.00000,76.00000, 
80945,2016,6,24,0.00000,87.00000,75.00000, 
80945,2016,6,25,0.62000,90.00000,75.00000, 
80945,2016,6,26,0.45000,93.00000,73.00000, 
80945,2016,6,27,0.00000,91.00000,73.00000, 
80945,2016,6,28,0.00000,94.00000,77.00000, 
80945,2016,6,29,0.00000,94.00000,78.00000, 
80945,2016,6,30,0.00000,95.00000,77.00000, 
80945,2016,7,1,0.00000,95.00000,78.00000, 
80945,2016,7,2,0.01000,95.00000,78.00000, 
80945,2016,7,3,0.00000,95.00000,77.00000, 
80945,2016,7,4,0.00000,96.00000,79.00000, 
80945,2016,7,5,0.00000,98.00000,79.00000, 
80945,2016,7,6,0.00000,97.00000,80.00000, 
80945,2016,7,7,0.00000,98.00000,79.00000, 
80945,2016,7,8,0.63000,96.00000,76.00000, 
80945,2016,7,9,0.12000,94.00000,79.00000, 
80945,2016,7,10,0.05000,95.00000,80.00000, 
80945,2016,7,11,0.00000,97.00000,79.00000, 
80945,2016,7,12,0.65000,95.00000,77.00000, 
80945,2016,7,13,0.14000,96.00000,73.00000, 
80945,2016,7,14,0.60000,94.00000,73.00000, 
80945,2016,7,15,0.00000,97.00000,76.00000, 
80945,2016,7,16,0.19000,94.00000,77.00000, 
80945,2016,7,17,0.33000,94.00000,76.00000, 
80945,2016,7,18,0.00000,94.00000,78.00000, 
80945,2016,7,19,0.07000,93.00000,77.00000, 
80945,2016,7,20,0.02000,94.00000,76.00000, 
80945,2016,7,21,0.38000,93.00000,76.00000, 
80945,2016,7,22,0.94000,93.00000,74.00000, 
80945,2016,7,23,1.20000,91.00000,74.00000, 
80945,2016,7,24,0.00000,92.00000,76.00000, 
80945,2016,7,25,0.08000,90.00000,76.00000, 
80945,2016,7,26,0.01000,97.00000,76.00000, 
80945,2016,7,27,1.05000,95.00000,77.00000, 
80945,2016,7,28,0.00000,95.00000,78.00000, 
80945,2016,7,29,2.24000,94.00000,76.00000, 
80945,2016,7,30,0.00000,93.00000,78.00000, 
80945,2016,7,31,0.69000,94.00000,73.00000, 
80945,2016,8,1,0.00000,94.00000,74.00000, 
80945,2016,8,2,0.50000,95.00000,77.00000, 
80945,2016,8,3,0.00000,91.00000,75.00000, 
80945,2016,8,4,0.02000,91.00000,77.00000, 
80945,2016,8,5,0.00000,89.00000,72.00000, 
80945,2016,8,6,0.00000,89.00000,78.00000, 
80945,2016,8,7,0.20000,89.00000,76.00000, 
80945,2016,8,8,2.62000,81.00000,75.00000, 
80945,2016,8,9,0.60000,83.00000,76.00000, 
80945,2016,8,10,1.14000,94.00000,75.00000, 
80945,2016,8,11,0.30000,92.00000,76.00000, 
80945,2016,8,12,0.05000,93.00000,75.00000, 
80945,2016,8,13,0.06000,93.00000,75.00000, 
80945,2016,8,14,0.20000,90.00000,76.00000, 
80945,2016,8,15,0.24000,94.00000,76.00000, 
80945,2016,8,16,0.00000,94.00000,78.00000, 
80945,2016,8,17,0.28000,93.00000,76.00000, 
80945,2016,8,18,0.70000,94.00000,76.00000, 
80945,2016,8,19,0.18000,94.00000,76.00000, 
80945,2016,8,20,0.77000,93.00000,76.00000, 
80945,2016,8,21,0.00000,95.00000,78.00000, 
80945,2016,8,22,0.00000,93.00000,77.00000, 
80945,2016,8,23,0.01000,97.00000,80.00000, 
80945,2016,8,24,0.00000,92.00000,79.00000, 
80945,2016,8,25,0.00000,94.00000,77.00000, 
80945,2016,8,26,2.06000,92.00000,75.00000, 
80945,2016,8,27,0.37000,93.00000,73.00000, 
80945,2016,8,28,0.02000,92.00000,78.00000, 
80945,2016,8,29,0.40000,90.00000,78.00000, 
80945,2016,8,30,0.62000,88.00000,76.00000, 
80945,2016,8,31,6.71000,79.00000,74.00000, 
80945,2016,9,1,1.24000,83.00000,75.00000, 
80945,2016,9,2,1.61000,84.00000,75.00000, 
80945,2016,9,3,0.01000,89.00000,76.00000, 
80945,2016,9,4,0.00000,92.00000,76.00000, 
80945,2016,9,5,0.03000,92.00000,76.00000, 
80945,2016,9,6,0.00000,88.00000,75.00000, 
80945,2016,9,7,0.00000,90.00000,75.00000, 
80945,2016,9,8,0.03000,92.00000,75.00000, 
80945,2016,9,9,0.08000,92.00000,77.00000, 
80945,2016,9,10,0.00000,93.00000,77.00000, 
80945,2016,9,11,0.00000,92.00000,77.00000, 
80945,2016,9,12,0.80000,90.00000,77.00000, 
80945,2016,9,13,0.21000,91.00000,76.00000, 
80945,2016,9,14,0.09000,89.00000,77.00000, 
80945,2016,9,15,0.00000,92.00000,77.00000, 
80945,2016,9,16,0.58000,94.00000,78.00000, 
80945,2016,9,17,0.00000,92.00000,77.00000, 
80945,2016,9,18,0.27000,92.00000,78.00000, 
80945,2016,9,19,0.22000,90.00000,79.00000, 
80945,2016,9,20,0.00000,91.00000,77.00000, 
80945,2016,9,21,0.00000,91.00000,76.00000, 
80945,2016,9,22,0.00000,95.00000,76.00000, 
80945,2016,9,23,0.00000,91.00000,76.00000, 
80945,2016,9,24,0.02000,93.00000,76.00000, 
80945,2016,9,25,0.02000,92.00000,72.00000, 
80945,2016,9,26,1.55000,91.00000,72.00000, 
80945,2016,9,27,0.00000,92.00000,72.00000, 
80945,2016,9,28,0.31000,-99.90000,-99.90000, 
80945,2016,9,29,0.76000,89.00000,74.00000, 
80945,2016,9,30,0.26000,91.00000,75.00000, 
80945,2016,10,1,2.30000,89.00000,72.00000, 
80945,2016,10,2,1.10000,90.00000,72.00000, 
80945,2016,10,3,0.90000,87.00000,72.00000, 
80945,2016,10,4,0.16000,89.00000,74.00000, 
80945,2016,10,5,0.01000,89.00000,74.00000, 
80945,2016,10,6,0.11000,88.00000,76.00000, 
80945,2016,10,7,0.12000,83.00000,72.00000, 
80945,2016,10,8,0.00000,87.00000,75.00000, 
80945,2016,10,9,0.00000,87.00000,74.00000, 
80945,2016,10,10,0.00000,83.00000,66.00000, 
80945,2016,10,11,0.00000,81.00000,69.00000, 
80945,2016,10,12,0.00000,84.00000,69.00000, 
80945,2016,10,13,0.00000,86.00000,71.00000, 
80945,2016,10,14,0.00000,86.00000,71.00000, 
80945,2016,10,15,0.02000,86.00000,74.00000, 
80945,2016,10,16,0.00000,87.00000,74.00000, 
80945,2016,10,17,0.00000,88.00000,70.00000, 
80945,2016,10,18,0.00000,87.00000,69.00000, 
80945,2016,10,19,0.00000,86.00000,68.00000, 
80945,2016,10,20,0.00000,85.00000,67.00000, 
80945,2016,10,21,0.00000,83.00000,65.00000, 
80945,2016,10,22,0.00000,74.00000,62.00000, 
80945,2016,10,23,0.00000,78.00000,55.00000, 
80945,2016,10,24,0.00000,79.00000,58.00000, 
80945,2016,10,25,0.00000,82.00000,62.00000, 
80945,2016,10,26,0.00000,84.00000,64.00000, 
80945,2016,10,27,0.00000,84.00000,64.00000, 
80945,2016,10,28,0.00000,84.00000,69.00000, 
80945,2016,10,29,0.00000,84.00000,67.00000, 
80945,2016,10,30,0.00000,86.00000,71.00000, 
80945,2016,10,31,0.00000,85.00000,67.00000, 
80945,2016,11,1,0.00000,85.00000,65.00000, 
80945,2016,11,2,0.00000,85.00000,66.00000, 
80945,2016,11,3,0.00000,84.00000,67.00000, 
80945,2016,11,4,0.00000,82.00000,63.00000, 
80945,2016,11,5,0.00000,82.00000,67.00000, 
80945,2016,11,6,0.00000,83.00000,63.00000, 
80945,2016,11,7,0.00000,81.00000,66.00000, 
80945,2016,11,8,0.00000,82.00000,62.00000, 
80945,2016,11,9,0.00000,82.00000,62.00000, 
80945,2016,11,10,0.00000,80.00000,63.00000, 
80945,2016,11,11,0.00000,79.00000,56.00000, 
80945,2016,11,12,0.00000,80.00000,57.00000, 
80945,2016,11,13,0.00000,82.00000,56.00000, 
80945,2016,11,14,0.01000,82.00000,59.00000, 
80945,2016,11,15,0.01000,82.00000,56.00000, 
80945,2016,11,16,0.00000,76.00000,55.00000, 
80945,2016,11,17,0.00000,78.00000,52.00000, 
80945,2016,11,18,0.00000,80.00000,59.00000, 
80945,2016,11,19,0.00000,77.00000,57.00000, 
80945,2016,11,20,0.00000,68.00000,51.00000, 
80945,2016,11,21,0.00000,67.00000,43.00000, 
80945,2016,11,22,0.00000,76.00000,43.00000, 
80945,2016,11,23,0.00000,80.00000,52.00000, 
80945,2016,11,24,0.00000,82.00000,59.00000, 
80945,2016,11,25,0.00000,83.00000,64.00000, 
80945,2016,11,26,0.00000,78.00000,62.00000, 
80945,2016,11,27,0.00000,79.00000,55.00000, 
80945,2016,11,28,0.01000,79.00000,59.00000, 
80945,2016,11,29,0.00000,83.00000,65.00000, 
80945,2016,11,30,0.00000,82.00000,67.00000, 
80945,2016,12,1,0.00000,83.00000,67.00000, 
80945,2016,12,2,0.00000,76.00000,59.00000, 
80945,2016,12,3,0.00000,80.00000,56.00000, 
80945,2016,12,4,0.00000,83.00000,63.00000, 
80945,2016,12,5,0.00000,84.00000,63.00000, 
80945,2016,12,6,1.10000,84.00000,67.00000, 
80945,2016,12,7,0.01000,78.00000,62.00000, 
80945,2016,12,8,0.00000,69.00000,60.00000, 
80945,2016,12,9,0.02000,63.00000,52.00000, 
80945,2016,12,10,0.00000,73.00000,50.00000, 
80945,2016,12,11,0.01000,80.00000,50.00000, 
80945,2016,12,12,0.00000,82.00000,65.00000, 
80945,2016,12,13,0.00000,81.00000,62.00000, 
80945,2016,12,14,0.00000,78.00000,64.00000, 
80945,2016,12,15,0.00000,78.00000,60.00000, 
80945,2016,12,16,0.00000,79.00000,55.00000, 
80945,2016,12,17,0.00000,82.00000,62.00000, 
80945,2016,12,18,0.00000,85.00000,69.00000, 
80945,2016,12,19,0.00000,84.00000,67.00000, 
80945,2016,12,20,0.00000,78.00000,68.00000, 
80945,2016,12,21,0.00000,69.00000,59.00000, 
80945,2016,12,22,0.00000,76.00000,55.00000, 
80945,2016,12,23,0.00000,81.00000,58.00000, 
80945,2016,12,24,0.00000,83.00000,60.00000, 
80945,2016,12,25,0.00000,85.00000,66.00000, 
80945,2016,12,26,0.00000,84.00000,66.00000, 
80945,2016,12,27,0.00000,83.00000,65.00000, 
80945,2016,12,28,0.00000,82.00000,64.00000, 
80945,2016,12,29,0.19000,81.00000,62.00000, 
80945,2016,12,30,0.00000,66.00000,51.00000, 
80945,2016,12,31,0.00000,74.00000,41.00000, 
80945,2017,1,1,0.00000,82.00000,57.00000, 69.50000
80945,2017,1,2,0.00000,83.00000,65.00000, 74.00000
80945,2017,1,3,0.00000,82.00000,66.00000, 74.00000
80945,2017,1,4,0.00000,79.00000,59.00000, 69.00000
80945,2017,1,5,0.00000,76.00000,58.00000, 67.00000
80945,2017,1,6,0.14000,78.00000,58.00000, 68.00000
80945,2017,1,7,0.94000,73.00000,40.00000, 56.50000
80945,2017,1,8,0.00000,53.00000,36.00000, 44.50000
80945,2017,1,9,0.00000,66.00000,36.00000, 51.00000
80945,2017,1,10,0.00000,71.00000,49.00000, 60.00000
80945,2017,1,11,0.00000,75.00000,55.00000, 65.00000
80945,2017,1,12,0.00000,80.00000,55.00000, 67.50000
80945,2017,1,13,0.00000,78.00000,61.00000, 69.50000
80945,2017,1,14,0.00000,79.00000,63.00000, 71.00000
80945,2017,1,15,0.00000,79.00000,59.00000, 69.00000
80945,2017,1,16,0.00000,79.00000,59.00000, 69.00000
80945,2017,1,17,0.00000,81.00000,60.00000, 70.50000
80945,2017,1,18,0.00000,79.00000,57.00000, 68.00000
80945,2017,1,19,0.00000,80.00000,57.00000, 68.50000
80945,2017,1,20,0.00000,82.00000,60.00000, 71.00000
80945,2017,1,21,0.00000,81.00000,63.00000, 72.00000
80945,2017,1,22,0.10000,82.00000,68.00000, 75.00000
80945,2017,1,23,0.18000,82.00000,59.00000, 70.50000
80945,2017,1,24,0.00000,70.00000,56.00000, 63.00000
80945,2017,1,25,0.00000,76.00000,53.00000, 64.50000
80945,2017,1,26,0.00000,80.00000,64.00000, 72.00000
80945,2017,1,27,0.00000,68.00000,57.00000, 62.50000
80945,2017,1,28,0.01000,58.00000,51.00000, 54.50000
80945,2017,1,29,0.30000,61.00000,47.00000, 54.00000
80945,2017,1,30,0.00000,61.00000,46.00000, 53.50000
80945,2017,1,31,0.00000,71.00000,44.00000, 57.50000
80945,2017,2,1,0.00000,75.00000,46.00000, 60.50000
80945,2017,2,2,0.00000,77.00000,52.00000, 64.50000
80945,2017,2,3,0.00000,79.00000,54.00000, 66.50000
80945,2017,2,4,0.00000,76.00000,56.00000, 66.00000
80945,2017,2,5,0.00000,74.00000,56.00000, 65.00000
80945,2017,2,6,0.00000,80.00000,57.00000, 68.50000
80945,2017,2,7,0.00000,84.00000,61.00000, 72.50000
80945,2017,2,8,0.60000,81.00000,62.00000, 71.50000
80945,2017,2,9,0.00000,78.00000,62.00000, 70.00000
80945,2017,2,10,0.00000,73.00000,50.00000, 61.50000
80945,2017,2,11,0.00000,79.00000,54.00000, 66.50000
80945,2017,2,12,0.00000,79.00000,53.00000, 66.00000
80945,2017,2,13,0.00000,79.00000,53.00000, 66.00000
80945,2017,2,14,0.00000,79.00000,62.00000, 70.50000
80945,2017,2,15,0.01000,80.00000,62.00000, 71.00000
80945,2017,2,16,0.00000,68.00000,50.00000, 59.00000
80945,2017,2,17,0.00000,73.00000,46.00000, 59.50000
80945,2017,2,18,0.12000,79.00000,55.00000, 67.00000
80945,2017,2,19,0.00000,79.00000,55.00000, 67.00000
80945,2017,2,20,0.00000,82.00000,57.00000, 69.50000
80945,2017,2,21,0.00000,79.00000,62.00000, 70.50000
80945,2017,2,22,0.68000,72.00000,60.00000, 66.00000
80945,2017,2,23,0.01000,78.00000,58.00000, 68.00000
80945,2017,2,24,0.00000,82.00000,65.00000, 73.50000
80945,2017,2,25,0.00000,79.00000,64.00000, 71.50000
80945,2017,2,26,0.00000,79.00000,58.00000, 68.50000
80945,2017,2,27,0.00000,86.00000,60.00000, 73.00000
80945,2017,2,28,0.05000,86.00000,65.00000, 75.50000
80945,2017,3,1,0.00000,85.00000,65.00000, 75.00000
80945,2017,3,2,0.00000,83.00000,66.00000, 74.50000
80945,2017,3,3,0.00000,76.00000,58.00000, 67.00000
80945,2017,3,4,0.00000,76.00000,55.00000, 65.50000
80945,2017,3,5,0.00000,77.00000,55.00000, 66.00000
80945,2017,3,6,0.00000,80.00000,59.00000, 69.50000
80945,2017,3,7,0.00000,81.00000,58.00000, 69.50000
80945,2017,3,8,0.00000,82.00000,61.00000, 71.50000
80945,2017,3,9,0.00000,83.00000,61.00000, 72.00000
80945,2017,3,10,0.00000,81.00000,61.00000, 71.00000
80945,2017,3,11,0.00000,84.00000,62.00000, 73.00000
80945,2017,3,12,0.00000,82.00000,65.00000, 73.50000
80945,2017,3,13,0.70000,82.00000,62.00000, 72.00000
80945,2017,3,14,0.00000,70.00000,60.00000, 65.00000
80945,2017,3,15,0.00000,60.00000,49.00000, 54.50000
80945,2017,3,16,0.00000,62.00000,41.00000, 51.50000
80945,2017,3,17,0.00000,73.00000,46.00000, 59.50000
80945,2017,3,18,0.00000,75.00000,48.00000, 61.50000
80945,2017,3,19,0.00000,75.00000,58.00000, 66.50000
80945,2017,3,20,0.00000,76.00000,48.00000, 62.00000
80945,2017,3,21,0.00000,79.00000,51.00000, 65.00000
80945,2017,3,22,0.00000,77.00000,56.00000, 66.50000
80945,2017,3,23,0.00000,84.00000,64.00000, 74.00000
80945,2017,3,24,0.00000,81.00000,61.00000, 71.00000
80945,2017,3,25,0.00000,82.00000,61.00000, 71.50000
80945,2017,3,26,0.00000,84.00000,63.00000, 73.50000
80945,2017,3,27,0.00000,84.00000,63.00000, 73.50000
80945,2017,3,28,0.00000,85.00000,57.00000, 71.00000
80945,2017,3,29,0.00000,75.00000,66.00000, 70.50000
80945,2017,3,30,0.00000,85.00000,63.00000, 74.00000
80945,2017,3,31,0.26000,81.00000,66.00000, 73.50000
80945,2017,4,1,0.00000,80.00000,65.00000, 72.50000
80945,2017,4,2,0.00000,89.00000,66.00000, 77.50000
80945,2017,4,3,0.00000,91.00000,73.00000, 82.00000
80945,2017,4,4,0.00000,89.00000,71.00000, 80.00000
80945,2017,4,5,0.00000,81.00000,66.00000, 73.50000
80945,2017,4,6,0.01000,71.00000,59.00000, 65.00000
80945,2017,4,7,0.00000,71.00000,58.00000, 64.50000
80945,2017,4,8,0.00000,74.00000,51.00000, 62.50000
80945,2017,4,9,0.00000,82.00000,54.00000, 68.00000
80945,2017,4,10,0.00000,85.00000,54.00000, 69.50000
80945,2017,4,11,0.00000,83.00000,60.00000, 71.50000
80945,2017,4,12,0.00000,83.00000,60.00000, 71.50000
80945,2017,4,13,0.00000,82.00000,63.00000, 72.50000
80945,2017,4,14,0.00000,83.00000,61.00000, 72.00000
80945,2017,4,15,0.00000,85.00000,65.00000, 75.00000
80945,2017,4,16,0.00000,85.00000,63.00000, 74.00000
80945,2017,4,17,0.00000,85.00000,63.00000, 74.00000
80945,2017,4,18,0.25000,85.00000,63.00000, 74.00000
80945,2017,4,19,0.00000,84.00000,65.00000, 74.50000
80945,2017,4,20,0.00000,84.00000,64.00000, 74.00000
80945,2017,4,21,0.00000,87.00000,61.00000, 74.00000
80945,2017,4,22,0.02000,83.00000,64.00000, 73.50000
80945,2017,4,23,0.00000,87.00000,64.00000, 75.50000
80945,2017,4,24,0.00000,78.00000,68.00000, 73.00000
80945,2017,4,25,0.00000,80.00000,64.00000, 72.00000
80945,2017,4,26,0.00000,86.00000,66.00000, 76.00000
80945,2017,4,27,0.00000,90.00000,69.00000, 79.50000
80945,2017,4,28,0.00000,94.00000,70.00000, 82.00000
80945,2017,4,29,0.00000,93.00000,73.00000, 83.00000
80945,2017,4,30,0.00000,93.00000,73.00000, 83.00000
80945,2017,5,1,0.14000,93.00000,72.00000, 82.50000
80945,2017,5,2,0.03000,89.00000,71.00000, 80.00000
80945,2017,5,3,0.00000,90.00000,71.00000, 80.50000
80945,2017,5,4,0.03000,89.00000,71.00000, 80.00000
80945,2017,5,5,0.06000,78.00000,70.00000, 74.00000
80945,2017,5,6,0.00000,77.00000,59.00000, 68.00000
80945,2017,5,7,0.00000,81.00000,57.00000, 69.00000
80945,2017,5,8,0.00000,90.00000,67.00000, 78.50000
80945,2017,5,9,0.00000,86.00000,60.00000, 73.00000
80945,2017,5,10,0.00000,91.00000,63.00000, 77.00000
80945,2017,5,11,0.00000,93.00000,66.00000, 79.50000
80945,2017,5,12,0.00000,87.00000,68.00000, 77.50000
80945,2017,5,13,0.04000,87.00000,69.00000, 78.00000
80945,2017,5,14,0.00000,85.00000,65.00000, 75.00000
80945,2017,5,15,0.00000,88.00000,71.00000, 79.50000
80945,2017,5,16,0.07000,93.00000,71.00000, 82.00000
80945,2017,5,17,0.12000,95.00000,73.00000, 84.00000
80945,2017,5,18,0.00000,95.00000,72.00000, 83.50000
80945,2017,5,19,1.46000,95.00000,75.00000, 85.00000
80945,2017,5,20,0.96000,95.00000,73.00000, 84.00000
80945,2017,5,21,0.32000,92.00000,72.00000, 82.00000
80945,2017,5,22,0.32000,90.00000,72.00000, 81.00000
80945,2017,5,23,0.00000,88.00000,75.00000, 81.50000
80945,2017,5,24,0.35000,87.00000,72.00000, 79.50000
80945,2017,5,25,0.00000,87.00000,69.00000, 78.00000
80945,2017,5,26,0.00000,89.00000,64.00000, 76.50000
80945,2017,5,27,0.00000,90.00000,65.00000, 77.50000
80945,2017,5,28,0.00000,90.00000,69.00000, 79.50000
80945,2017,5,29,0.00000,93.00000,69.00000, 81.00000
80945,2017,5,30,0.00000,94.00000,76.00000, 85.00000
80945,2017,5,31,0.00000,95.00000,77.00000, 86.00000
80945,2017,6,1,0.02000,94.00000,74.00000, 84.00000
80945,2017,6,2,0.74000,83.00000,72.00000, 77.50000
80945,2017,6,3,0.60000,87.00000,73.00000, 80.00000
80945,2017,6,4,0.07000,87.00000,75.00000, 81.00000
80945,2017,6,5,1.00000,79.00000,75.00000, 77.00000
80945,2017,6,6,1.80000,86.00000,74.00000, 80.00000
80945,2017,6,7,1.01000,82.00000,72.00000, 77.00000
80945,2017,6,8,0.02000,86.00000,76.00000, 81.00000
80945,2017,6,9,0.00000,91.00000,72.00000, 81.50000
80945,2017,6,10,2.60000,86.00000,73.00000, 79.50000
80945,2017,6,11,0.23000,91.00000,75.00000, 83.00000
80945,2017,6,12,0.00000,90.00000,75.00000, 82.50000
80945,2017,6,13,0.41000,91.00000,73.00000, 82.00000
80945,2017,6,14,0.18000,92.00000,73.00000, 82.50000
80945,2017,6,15,0.79000,87.00000,74.00000, 80.50000
80945,2017,6,16,0.45000,90.00000,74.00000, 82.00000
80945,2017,6,17,0.00000,90.00000,72.00000, 81.00000
80945,2017,6,18,0.00000,93.00000,72.00000, 82.50000
80945,2017,6,19,0.14000,86.00000,76.00000, 81.00000
80945,2017,6,20,1.51000,89.00000,75.00000, 82.00000
80945,2017,6,21,0.00000,92.00000,75.00000, 83.50000
80945,2017,6,22,1.15000,95.00000,72.00000, 83.50000
80945,2017,6,23,0.00000,93.00000,74.00000, 83.50000
80945,2017,6,24,0.02000,92.00000,78.00000, 85.00000
80945,2017,6,25,0.00000,93.00000,78.00000, 85.50000
80945,2017,6,26,0.02000,92.00000,78.00000, 85.00000
80945,2017,6,27,0.00000,94.00000,76.00000, 85.00000
80945,2017,6,28,0.05000,92.00000,74.00000, 83.00000
80945,2017,6,29,1.07000,94.00000,76.00000, 85.00000
80945,2017,6,30,0.26000,95.00000,75.00000, 85.00000
80945,2017,7,1,0.62000,95.00000,76.00000, 85.50000
80945,2017,7,2,0.11000,94.00000,77.00000, 85.50000
80945,2017,7,3,0.17000,93.00000,78.00000, 85.50000
80945,2017,7,4,0.00000,94.00000,76.00000, 85.00000
80945,2017,7,5,0.37000,95.00000,75.00000, 85.00000
80945,2017,7,6,0.00000,94.00000,76.00000, 85.00000
80945,2017,7,7,0.12000,94.00000,77.00000, 85.50000
80945,2017,7,8,0.01000,91.00000,78.00000, 84.50000
80945,2017,7,9,0.12000,92.00000,76.00000, 84.00000
80945,2017,7,10,0.18000,95.00000,74.00000, 84.50000
80945,2017,7,11,0.37000,94.00000,74.00000, 84.00000
80945,2017,7,12,0.28000,92.00000,75.00000, 83.50000
80945,2017,7,13,0.00000,92.00000,74.00000, 83.00000
80945,2017,7,14,0.19000,90.00000,77.00000, 83.50000
80945,2017,7,15,0.08000,94.00000,76.00000, 85.00000
80945,2017,7,16,0.02000,95.00000,77.00000, 86.00000
80945,2017,7,17,0.00000,94.00000,77.00000, 85.50000
80945,2017,7,18,0.72000,87.00000,69.00000, 78.00000
80945,2017,7,19,0.13000,91.00000,68.00000, 79.50000
80945,2017,7,20,0.53000,87.00000,73.00000, 80.00000
80945,2017,7,21,0.51000,90.00000,76.00000, 83.00000
80945,2017,7,22,0.38000,88.00000,76.00000, 82.00000
80945,2017,7,23,0.12000,85.00000,74.00000, 79.50000
80945,2017,7,24,0.00000,91.00000,77.00000, 84.00000
80945,2017,7,25,0.00000,93.00000,78.00000, 85.50000
80945,2017,7,26,0.00000,95.00000,78.00000, 86.50000
80945,2017,7,27,0.00000,94.00000,78.00000, 86.00000
80945,2017,7,28,0.00000,95.00000,80.00000, 87.50000
80945,2017,7,29,0.00000,93.00000,81.00000, 87.00000
80945,2017,7,30,0.62000,87.00000,78.00000, 82.50000
80945,2017,7,31,3.83000,81.00000,69.00000, 75.00000
80945,2017,8,1,0.01000,91.00000,73.00000, 82.00000
80945,2017,8,2,0.29000,88.00000,76.00000, 82.00000
80945,2017,8,3,0.01000,83.00000,68.00000, 75.50000
80945,2017,8,4,0.00000,89.00000,67.00000, 78.00000
80945,2017,8,5,0.00000,92.00000,76.00000, 84.00000
80945,2017,8,6,0.00000,95.00000,77.00000, 86.00000
80945,2017,8,7,0.67000,95.00000,77.00000, 86.00000
80945,2017,8,8,0.00000,93.00000,77.00000, 85.00000
80945,2017,8,9,0.02000,95.00000,77.00000, 86.00000
80945,2017,8,10,0.24000,95.00000,77.00000, 86.00000
80945,2017,8,11,0.55000,94.00000,79.00000, 86.50000
80945,2017,8,12,0.02000,93.00000,77.00000, 85.00000
80945,2017,8,13,0.00000,94.00000,79.00000, 86.50000
80945,2017,8,14,0.00000,94.00000,79.00000, 86.50000
80945,2017,8,15,0.00000,96.00000,70.00000, 83.00000
80945,2017,8,16,0.52000,92.00000,74.00000, 83.00000
80945,2017,8,17,1.78000,94.00000,74.00000, 84.00000
80945,2017,8,18,0.02000,93.00000,76.00000, 84.50000
80945,2017,8,19,0.00000,94.00000,73.00000, 83.50000
80945,2017,8,20,0.02000,93.00000,73.00000, 83.00000
80945,2017,8,21,0.00000,92.00000,78.00000, 85.00000
80945,2017,8,22,0.00000,95.00000,77.00000, 86.00000
80945,2017,8,23,0.40000,90.00000,76.00000, 83.00000
80945,2017,8,24,0.02000,90.00000,70.00000, 80.00000
80945,2017,8,25,1.54000,89.00000,77.00000, 83.00000
80945,2017,8,26,11.65000,87.00000,75.00000, 81.00000
80945,2017,8,27,1.05000,83.00000,74.00000, 78.50000
80945,2017,8,28,1.67000,85.00000,75.00000, 80.00000
80945,2017,8,29,0.00000,91.00000,76.00000, 83.50000
80945,2017,8,30,0.00000,94.00000,71.00000, 82.50000
80945,2017,8,31,0.00000,86.00000,72.00000, 79.00000
80945,2017,9,1,0.40000,95.00000,73.00000, 84.00000
80945,2017,9,2,0.06000,88.00000,74.00000, 81.00000
80945,2017,9,3,0.32000,90.00000,76.00000, 83.00000
80945,2017,9,4,0.00000,93.00000,75.00000, 84.00000
80945,2017,9,5,0.00000,93.00000,77.00000, 85.00000
80945,2017,9,6,0.28000,86.00000,77.00000, 81.50000
80945,2017,9,7,0.24000,92.00000,76.00000, 84.00000
80945,2017,9,8,0.00000,92.00000,78.00000, 85.00000
80945,2017,9,9,0.00000,92.00000,77.00000, 84.50000
80945,2017,9,10,2.90000,82.00000,74.00000, 78.00000
80945,2017,9,11,0.46000,83.00000,73.00000, 78.00000
80945,2017,9,12,0.00000,89.00000,75.00000, 82.00000
80945,2017,9,13,0.00000,91.00000,72.00000, 81.50000
80945,2017,9,14,0.48000,90.00000,76.00000, 83.00000
80945,2017,9,15,1.10000,93.00000,76.00000, 84.50000
80945,2017,9,16,0.01000,92.00000,76.00000, 84.00000
80945,2017,9,17,0.00000,87.00000,76.00000, 81.50000
80945,2017,9,18,0.00000,88.00000,73.00000, 80.50000
80945,2017,9,19,0.00000,88.00000,75.00000, 81.50000
80945,2017,9,20,0.00000,91.00000,74.00000, 82.50000
80945,2017,9,21,0.00000,90.00000,76.00000, 83.00000
80945,2017,9,22,0.08000,90.00000,74.00000, 82.00000
80945,2017,9,23,0.21000,89.00000,75.00000, 82.00000
80945,2017,9,24,0.00000,90.00000,75.00000, 82.50000
80945,2017,9,25,0.00000,91.00000,78.00000, 84.50000
80945,2017,9,26,0.01000,92.00000,75.00000, 83.50000
80945,2017,9,27,0.00000,93.00000,77.00000, 85.00000
80945,2017,9,28,0.00000,93.00000,75.00000, 84.00000
80945,2017,9,29,0.00000,89.00000,76.00000, 82.50000
80945,2017,9,30,0.02000,86.00000,75.00000, 80.50000
80945,2017,10,1,0.00000,91.00000,75.00000, 83.00000
80945,2017,10,2,0.00000,86.00000,76.00000, 81.00000
80945,2017,10,3,0.00000,84.00000,73.00000, 78.50000
80945,2017,10,4,0.02000,87.00000,75.00000, 81.00000
80945,2017,10,5,0.00000,83.00000,74.00000, 78.50000
80945,2017,10,6,0.00000,91.00000,76.00000, 83.50000
80945,2017,10,7,0.00000,91.00000,72.00000, 81.50000
80945,2017,10,8,0.01000,91.00000,68.00000, 79.50000
80945,2017,10,9,0.00000,92.00000,76.00000, 84.00000
80945,2017,10,10,0.00000,92.00000,77.00000, 84.50000
80945,2017,10,11,0.00000,90.00000,75.00000, 82.50000
80945,2017,10,12,0.00000,90.00000,71.00000, 80.50000
80945,2017,10,13,0.07000,89.00000,75.00000, 82.00000
80945,2017,10,14,0.01000,90.00000,75.00000, 82.50000
80945,2017,10,15,2.34000,90.00000,73.00000, 81.50000
80945,2017,10,16,0.00000,90.00000,75.00000, 82.50000
80945,2017,10,17,0.02000,81.00000,72.00000, 76.50000
80945,2017,10,18,0.00000,86.00000,66.00000, 76.00000
80945,2017,10,19,0.00000,88.00000,70.00000, 79.00000
80945,2017,10,20,0.00000,86.00000,72.00000, 79.00000
80945,2017,10,21,0.00000,87.00000,73.00000, 80.00000
80945,2017,10,22,0.00000,90.00000,75.00000, 82.50000
80945,2017,10,23,0.84000,88.00000,73.00000, 80.50000
80945,2017,10,24,0.12000,77.00000,67.00000, 72.00000
80945,2017,10,25,0.00000,71.00000,45.00000, 58.00000
80945,2017,10,26,0.00000,73.00000,56.00000, 64.50000
80945,2017,10,27,0.00000,80.00000,55.00000, 67.50000
80945,2017,10,28,0.32000,77.00000,62.00000, 69.50000
80945,2017,10,29,0.03000,68.00000,54.00000, 61.00000
80945,2017,10,30,0.01000,66.00000,48.00000, 57.00000
80945,2017,10,31,0.00000,75.00000,46.00000, 60.50000
80945,2017,11,1,0.00000,79.00000,55.00000, 67.00000
80945,2017,11,2,0.00000,82.00000,56.00000, 69.00000
80945,2017,11,3,0.00000,83.00000,62.00000, 72.50000
80945,2017,11,4,0.00000,83.00000,64.00000, 73.50000
80945,2017,11,5,0.00000,82.00000,62.00000, 72.00000
80945,2017,11,6,0.00000,82.00000,68.00000, 75.00000
80945,2017,11,7,0.00000,84.00000,65.00000, 74.50000
80945,2017,11,8,0.00000,83.00000,64.00000, 73.50000
80945,2017,11,9,0.00000,85.00000,64.00000, 74.50000
80945,2017,11,10,0.00000,83.00000,65.00000, 74.00000
80945,2017,11,11,0.00000,84.00000,61.00000, 72.50000
80945,2017,11,12,0.07000,79.00000,70.00000, 74.50000
80945,2017,11,13,0.00000,84.00000,58.00000, 71.00000
80945,2017,11,14,0.00000,80.00000,64.00000, 72.00000
80945,2017,11,15,0.00000,78.00000,58.00000, 68.00000
80945,2017,11,16,0.00000,75.00000,60.00000, 67.50000
80945,2017,11,17,0.00000,77.00000,59.00000, 68.00000
80945,2017,11,18,0.00000,80.00000,56.00000, 68.00000
80945,2017,11,19,0.00000,81.00000,59.00000, 70.00000
80945,2017,11,20,0.00000,79.00000,50.00000, 64.50000
80945,2017,11,21,0.00000,76.00000,64.00000, 70.00000
80945,2017,11,22,0.21000,81.00000,61.00000, 71.00000
80945,2017,11,23,0.06000,76.00000,67.00000, 71.50000
80945,2017,11,24,0.02000,69.00000,62.00000, 65.50000
80945,2017,11,25,0.00000,75.00000,54.00000, 64.50000
80945,2017,11,26,0.00000,75.00000,54.00000, 64.50000
80945,2017,11,27,0.00000,77.00000,48.00000, 62.50000
80945,2017,11,28,0.00000,77.00000,59.00000, 68.00000
80945,2017,11,29,0.00000,83.00000,53.00000, 68.00000
80945,2017,11,30,0.00000,83.00000,53.00000, 68.00000
80945,2017,12,1,0.00000,81.00000,59.00000, 70.00000
80945,2017,12,2,0.00000,81.00000,59.00000, 70.00000
80945,2017,12,3,0.00000,80.00000,60.00000, 70.00000
80945,2017,12,4,0.00000,79.00000,63.00000, 71.00000
80945,2017,12,5,0.00000,82.00000,64.00000, 73.00000
80945,2017,12,6,0.00000,83.00000,62.00000, 72.50000
80945,2017,12,7,0.00000,83.00000,62.00000, 72.50000
80945,2017,12,8,0.02000,82.00000,68.00000, 75.00000
80945,2017,12,9,0.78000,74.00000,38.00000, 56.00000
80945,2017,12,10,0.00000,50.00000,35.00000, 42.50000
80945,2017,12,11,0.00000,61.00000,34.00000, 47.50000
80945,2017,12,12,0.00000,73.00000,46.00000, 59.50000
80945,2017,12,13,0.00000,61.00000,46.00000, 53.50000
80945,2017,12,14,0.00000,75.00000,47.00000, 61.00000
80945,2017,12,15,0.00000,76.00000,60.00000, 68.00000
80945,2017,12,16,0.00000,71.00000,56.00000, 63.50000
80945,2017,12,17,0.00000,78.00000,57.00000, 67.50000
80945,2017,12,18,0.00000,83.00000,62.00000, 72.50000
80945,2017,12,19,0.00000,82.00000,62.00000, 72.00000
80945,2017,12,20,0.00000,79.00000,61.00000, 70.00000
80945,2017,12,21,0.00000,82.00000,67.00000, 74.50000
80945,2017,12,22,0.00000,80.00000,62.00000, 71.00000
80945,2017,12,23,0.00000,79.00000,63.00000, 71.00000
80945,2017,12,24,0.00000,81.00000,61.00000, 71.00000
80945,2017,12,25,0.00000,74.00000,58.00000, 66.00000
80945,2017,12,26,0.00000,77.00000,54.00000, 65.50000
80945,2017,12,27,0.00000,80.00000,60.00000, 70.00000
80945,2017,12,28,0.00000,76.00000,59.00000, 67.50000
80945,2017,12,29,0.00000,66.00000,54.00000, 60.00000
80945,2017,12,30,0.00000,67.00000,51.00000, 59.00000
80945,2017,12,31,0.00000,71.00000,50.00000, 60.50000
80945,2018,1,1,0.04000,63.00000,41.00000, 52.00000
80945,2018,1,2,0.00000,57.00000,40.00000, 48.50000
80945,2018,1,3,0.44000,54.00000,42.00000, 48.00000
80945,2018,1,4,0.00000,54.00000,36.00000, 45.00000
80945,2018,1,5,0.00000,55.00000,36.00000, 45.50000
80945,2018,1,6,0.00000,57.00000,38.00000, 47.50000
80945,2018,1,7,0.00000,63.00000,39.00000, 51.00000
80945,2018,1,8,0.01000,72.00000,53.00000, 62.50000
80945,2018,1,9,0.39000,76.00000,63.00000, 69.50000
80945,2018,1,10,0.00000,78.00000,63.00000, 70.50000
80945,2018,1,11,0.02000,78.00000,61.00000, 69.50000
80945,2018,1,12,0.01000,78.00000,53.00000, 65.50000
80945,2018,1,13,0.01000,70.00000,37.00000, 53.50000
80945,2018,1,14,0.00000,58.00000,38.00000, 48.00000
80945,2018,1,15,0.00000,63.00000,42.00000, 52.50000
80945,2018,1,16,0.00000,71.00000,47.00000, 59.00000
80945,2018,1,17,0.00000,69.00000,42.00000, 55.50000
80945,2018,1,18,0.00000,52.00000,29.00000, 40.50000
80945,2018,1,19,0.00000,65.00000,37.00000, 51.00000
80945,2018,1,20,0.00000,66.00000,47.00000, 56.50000
80945,2018,1,21,0.00000,79.00000,47.00000, 63.00000
80945,2018,1,22,0.00000,81.00000,59.00000, 70.00000
80945,2018,1,23,0.00000,76.00000,57.00000, 66.50000
80945,2018,1,24,0.00000,76.00000,53.00000, 64.50000
80945,2018,1,25,0.00000,69.00000,50.00000, 59.50000
80945,2018,1,26,0.00000,76.00000,51.00000, 63.50000
80945,2018,1,27,0.00000,73.00000,51.00000, 62.00000
80945,2018,1,28,1.27000,78.00000,51.00000, 64.50000
80945,2018,1,29,0.04000,70.00000,57.00000, 63.50000
80945,2018,1,30,0.00000,63.00000,48.00000, 55.50000
80945,2018,1,31,0.00000,69.00000,43.00000, 56.00000
80945,2018,2,1,0.00000,74.00000,43.00000, 58.50000
80945,2018,2,2,0.00000,74.00000,43.00000, 58.50000
80945,2018,2,3,0.00000,74.00000,43.00000, 58.50000
80945,2018,2,4,0.49000,77.00000,58.00000, 67.50000
80945,2018,2,5,0.00000,76.00000,60.00000, 68.00000
80945,2018,2,6,0.00000,81.00000,57.00000, 69.00000
80945,2018,2,7,0.00000,83.00000,62.00000, 72.50000
80945,2018,2,8,0.00000,84.00000,63.00000, 73.50000
80945,2018,2,9,0.00000,84.00000,63.00000, 73.50000
80945,2018,2,10,0.00000,84.00000,65.00000, 74.50000
80945,2018,2,11,0.00000,85.00000,66.00000, 75.50000
80945,2018,2,12,0.00000,86.00000,69.00000, 77.50000
80945,2018,2,13,0.00000,84.00000,69.00000, 76.50000
80945,2018,2,14,0.00000,81.00000,68.00000, 74.50000
80945,2018,2,15,0.00000,81.00000,64.00000, 72.50000
80945,2018,2,16,0.00000,81.00000,63.00000, 72.00000
80945,2018,2,17,0.00000,83.00000,62.00000, 72.50000
80945,2018,2,18,0.00000,83.00000,60.00000, 71.50000
80945,2018,2,19,0.00000,85.00000,65.00000, 75.00000
80945,2018,2,20,0.00000,87.00000,65.00000, 76.00000
80945,2018,2,21,0.00000,86.00000,70.00000, 78.00000
80945,2018,2,22,0.00000,86.00000,66.00000, 76.00000
80945,2018,2,23,0.00000,86.00000,65.00000, 75.50000
80945,2018,2,24,0.03000,86.00000,65.00000, 75.50000
80945,2018,2,25,0.00000,85.00000,67.00000, 76.00000
80945,2018,2,26,0.00000,85.00000,68.00000, 76.50000
80945,2018,2,27,0.00000,83.00000,66.00000, 74.50000
80945,2018,2,28,0.00000,85.00000,63.00000, 74.00000
80945,2018,3,1,0.00000,84.00000,63.00000, 73.50000
80945,2018,3,2,0.00000,79.00000,65.00000, 72.00000
80945,2018,3,3,0.00000,79.00000,55.00000, 67.00000
80945,2018,3,4,0.00000,74.00000,47.00000, 60.50000
80945,2018,3,5,0.00000,75.00000,48.00000, 61.50000
80945,2018,3,6,0.00000,77.00000,47.00000, 62.00000
80945,2018,3,7,0.30000,71.00000,60.00000, 65.50000
80945,2018,3,8,0.00000,71.00000,54.00000, 62.50000
80945,2018,3,9,0.00000,71.00000,48.00000, 59.50000
80945,2018,3,10,0.06000,73.00000,43.00000, 58.00000
80945,2018,3,11,0.00000,81.00000,60.00000, 70.50000
80945,2018,3,12,0.01000,72.00000,56.00000, 64.00000
80945,2018,3,13,0.00000,62.00000,45.00000, 53.50000
80945,2018,3,14,0.00000,65.00000,44.00000, 54.50000
80945,2018,3,15,0.00000,69.00000,47.00000, 58.00000
80945,2018,3,16,0.00000,77.00000,43.00000, 60.00000
80945,2018,3,17,0.00000,78.00000,43.00000, 60.50000
80945,2018,3,18,0.00000,81.00000,55.00000, 68.00000
80945,2018,3,19,0.00000,83.00000,68.00000, 75.50000
80945,2018,3,20,0.45000,83.00000,64.00000, 73.50000
80945,2018,3,21,0.20000,67.00000,59.00000, 63.00000
80945,2018,3,22,0.00000,63.00000,39.00000, 51.00000
80945,2018,3,23,0.00000,71.00000,45.00000, 58.00000
80945,2018,3,24,0.00000,77.00000,45.00000, 61.00000
80945,2018,3,25,0.00000,78.00000,57.00000, 67.50000
80945,2018,3,26,0.00000,84.00000,60.00000, 72.00000
80945,2018,3,27,0.00000,82.00000,63.00000, 72.50000
80945,2018,3,28,0.00000,82.00000,59.00000, 70.50000
80945,2018,3,29,0.00000,85.00000,59.00000, 72.00000
80945,2018,3,30,0.00000,85.00000,65.00000, 75.00000
80945,2018,3,31,0.10000,86.00000,72.00000, 79.00000
80945,2018,4,1,0.00000,86.00000,65.00000, 75.50000
80945,2018,4,2,0.00000,86.00000,66.00000, 76.00000
80945,2018,4,3,0.00000,87.00000,66.00000, 76.50000
80945,2018,4,4,0.00000,87.00000,63.00000, 75.00000
80945,2018,4,5,0.00000,87.00000,63.00000, 75.00000
80945,2018,4,6,0.00000,87.00000,61.00000, 74.00000
80945,2018,4,7,0.06000,84.00000,66.00000, 75.00000
80945,2018,4,8,0.02000,84.00000,67.00000, 75.50000
80945,2018,4,9,0.00000,88.00000,72.00000, 80.00000
80945,2018,4,10,1.30000,88.00000,68.00000, 78.00000
80945,2018,4,11,0.00000,88.00000,62.00000, 75.00000
80945,2018,4,12,0.00000,84.00000,59.00000, 71.50000
80945,2018,4,13,0.00000,85.00000,65.00000, 75.00000
80945,2018,4,14,0.00000,89.00000,65.00000, 77.00000
80945,2018,4,15,0.85000,85.00000,64.00000, 74.50000
80945,2018,4,16,0.02000,67.00000,50.00000, 58.50000
80945,2018,4,17,0.00000,78.00000,54.00000, 66.00000
80945,2018,4,18,0.00000,87.00000,55.00000, 71.00000
80945,2018,4,19,0.00000,82.00000,60.00000, 71.00000
80945,2018,4,20,0.00000,83.00000,60.00000, 71.50000
80945,2018,4,21,0.01000,82.00000,68.00000, 75.00000
80945,2018,4,22,0.00000,88.00000,70.00000, 79.00000
80945,2018,4,23,0.00000,85.00000,70.00000, 77.50000
80945,2018,4,24,0.03000,80.00000,68.00000, 74.00000
80945,2018,4,25,0.00000,79.00000,64.00000, 71.50000
80945,2018,4,26,0.00000,82.00000,60.00000, 71.00000
80945,2018,4,27,0.00000,85.00000,66.00000, 75.50000
80945,2018,4,28,0.00000,80.00000,62.00000, 71.00000
80945,2018,4,29,0.00000,87.00000,62.00000, 74.50000
80945,2018,4,30,0.00000,87.00000,66.00000, 76.50000
80945,2018,5,1,0.00000,88.00000,64.00000, 76.00000
80945,2018,5,2,0.00000,87.00000,64.00000, 75.50000
80945,2018,5,3,0.00000,88.00000,63.00000, 75.50000
80945,2018,5,4,0.14000,89.00000,66.00000, 77.50000
80945,2018,5,5,0.00000,89.00000,66.00000, 77.50000
80945,2018,5,6,0.00000,83.00000,71.00000, 77.00000
80945,2018,5,7,0.00000,90.00000,68.00000, 79.00000
80945,2018,5,8,0.00000,88.00000,64.00000, 76.00000
80945,2018,5,9,0.00000,89.00000,65.00000, 77.00000
80945,2018,5,10,0.00000,86.00000,67.00000, 76.50000
80945,2018,5,11,0.00000,92.00000,67.00000, 79.50000
80945,2018,5,12,0.00000,83.00000,72.00000, 77.50000
80945,2018,5,13,0.84000,83.00000,67.00000, 75.00000
80945,2018,5,14,1.15000,80.00000,70.00000, 75.00000
80945,2018,5,15,0.65000,88.00000,70.00000, 79.00000
80945,2018,5,16,0.60000,86.00000,70.00000, 78.00000
80945,2018,5,17,0.00000,86.00000,72.00000, 79.00000
80945,2018,5,18,0.00000,90.00000,70.00000, 80.00000
80945,2018,5,19,0.69000,88.00000,71.00000, 79.50000
80945,2018,5,20,0.42000,88.00000,70.00000, 79.00000
80945,2018,5,21,1.21000,85.00000,71.00000, 78.00000
80945,2018,5,22,1.07000,86.00000,72.00000, 79.00000
80945,2018,5,23,0.88000,90.00000,71.00000, 80.50000
80945,2018,5,24,1.02000,90.00000,73.00000, 81.50000
80945,2018,5,25,0.31000,86.00000,73.00000, 79.50000
80945,2018,5,26,0.63000,77.00000,69.00000, 73.00000
80945,2018,5,27,0.43000,85.00000,69.00000, 77.00000
80945,2018,5,28,0.05000,86.00000,78.00000, 82.00000
80945,2018,5,29,0.01000,89.00000,75.00000, 82.00000
80945,2018,5,30,0.70000,81.00000,71.00000, 76.00000
80945,2018,5,31,0.02000,91.00000,71.00000, 81.00000
80945,2018,6,1,0.02000,90.00000,73.00000, 81.50000
80945,2018,6,2,0.00000,90.00000,75.00000, 82.50000
80945,2018,6,3,0.00000,90.00000,76.00000, 83.00000
80945,2018,6,4,0.00000,90.00000,80.00000, 85.00000
80945,2018,6,5,0.00000,90.00000,79.00000, 84.50000
80945,2018,6,6,0.08000,88.00000,75.00000, 81.50000
80945,2018,6,7,0.70000,92.00000,71.00000, 81.50000
80945,2018,6,8,0.00000,90.00000,71.00000, 80.50000
80945,2018,6,9,0.00000,93.00000,71.00000, 82.00000
80945,2018,6,10,0.00000,93.00000,74.00000, 83.50000
80945,2018,6,11,0.00000,92.00000,75.00000, 83.50000
80945,2018,6,12,0.00000,92.00000,74.00000, 83.00000
80945,2018,6,13,0.30000,95.00000,74.00000, 84.50000
80945,2018,6,14,0.00000,94.00000,74.00000, 84.00000
80945,2018,6,15,0.00000,95.00000,77.00000, 86.00000
80945,2018,6,16,0.15000,91.00000,76.00000, 83.50000
80945,2018,6,17,0.11000,94.00000,76.00000, 85.00000
80945,2018,6,18,0.01000,94.00000,77.00000, 85.50000
80945,2018,6,19,0.00000,94.00000,76.00000, 85.00000
80945,2018,6,20,0.20000,96.00000,78.00000, 87.00000
80945,2018,6,21,0.00000,94.00000,78.00000, 86.00000
80945,2018,6,22,0.00000,94.00000,79.00000, 86.50000
80945,2018,6,23,0.00000,95.00000,79.00000, 87.00000
80945,2018,6,24,1.95000,91.00000,70.00000, 80.50000
80945,2018,6,25,0.55000,95.00000,72.00000, 83.50000
80945,2018,6,26,0.04000,95.00000,76.00000, 85.50000
80945,2018,6,27,0.19000,94.00000,76.00000, 85.00000
80945,2018,6,28,0.10000,92.00000,78.00000, 85.00000
80945,2018,6,29,0.04000,89.00000,78.00000, 83.50000
80945,2018,6,30,0.29000,82.00000,76.00000, 79.00000
80945,2018,7,1,0.00000,94.00000,76.00000, 85.00000
80945,2018,7,2,0.03000,95.00000,76.00000, 85.50000
80945,2018,7,3,0.80000,94.00000,72.00000, 83.00000
80945,2018,7,4,1.17000,91.00000,71.00000, 81.00000
80945,2018,7,5,0.24000,92.00000,71.00000, 81.50000
80945,2018,7,6,0.00000,90.00000,74.00000, 82.00000
80945,2018,7,7,0.00000,91.00000,74.00000, 82.50000
80945,2018,7,8,0.00000,92.00000,75.00000, 83.50000
80945,2018,7,9,0.00000,93.00000,76.00000, 84.50000
80945,2018,7,10,0.04000,93.00000,76.00000, 84.50000
80945,2018,7,11,0.43000,95.00000,73.00000, 84.00000
80945,2018,7,12,0.02000,93.00000,76.00000, 84.50000
80945,2018,7,13,0.03000,93.00000,77.00000, 85.00000
80945,2018,7,14,0.01000,94.00000,77.00000, 85.50000
80945,2018,7,15,0.00000,95.00000,76.00000, 85.50000
80945,2018,7,16,0.00000,96.00000,78.00000, 87.00000
80945,2018,7,17,0.20000,92.00000,80.00000, 86.00000
80945,2018,7,18,0.20000,88.00000,80.00000, 84.00000
80945,2018,7,19,0.69000,91.00000,77.00000, 84.00000
80945,2018,7,20,0.79000,92.00000,78.00000, 85.00000
80945,2018,7,21,0.08000,90.00000,80.00000, 85.00000
80945,2018,7,22,0.00000,93.00000,83.00000, 88.00000
80945,2018,7,23,0.27000,92.00000,75.00000, 83.50000
80945,2018,7,24,0.01000,92.00000,71.00000, 81.50000
80945,2018,7,25,0.02000,92.00000,77.00000, 84.50000
80945,2018,7,26,0.00000,92.00000,77.00000, 84.50000
80945,2018,7,27,0.00000,94.00000,79.00000, 86.50000
80945,2018,7,28,0.01000,96.00000,77.00000, 86.50000
80945,2018,7,29,0.05000,93.00000,76.00000, 84.50000
80945,2018,7,30,1.80000,87.00000,74.00000, 80.50000
80945,2018,7,31,0.00000,89.00000,75.00000, 82.00000
80945,2018,8,1,0.14000,89.00000,76.00000, 82.50000
80945,2018,8,2,0.89000,93.00000,76.00000, 84.50000
80945,2018,8,3,0.16000,95.00000,74.00000, 84.50000
80945,2018,8,4,0.20000,93.00000,77.00000, 85.00000
80945,2018,8,5,0.01000,93.00000,77.00000, 85.00000
80945,2018,8,6,0.06000,93.00000,77.00000, 85.00000
80945,2018,8,7,0.01000,92.00000,77.00000, 84.50000
80945,2018,8,8,0.02000,93.00000,76.00000, 84.50000
80945,2018,8,9,0.00000,94.00000,76.00000, 85.00000
80945,2018,8,10,0.04000,91.00000,79.00000, 85.00000
80945,2018,8,11,0.81000,90.00000,73.00000, 81.50000
80945,2018,8,12,0.46000,94.00000,76.00000, 85.00000
80945,2018,8,13,0.78000,93.00000,74.00000, 83.50000
80945,2018,8,14,0.00000,91.00000,76.00000, 83.50000
80945,2018,8,15,0.58000,94.00000,74.00000, 84.00000
80945,2018,8,16,0.00000,94.00000,75.00000, 84.50000
80945,2018,8,17,0.00000,94.00000,77.00000, 85.50000
80945,2018,8,18,0.00000,94.00000,78.00000, 86.00000
80945,2018,8,19,0.10000,94.00000,76.00000, 85.00000
80945,2018,8,20,0.01000,94.00000,75.00000, 84.50000
80945,2018,8,21,0.02000,93.00000,76.00000, 84.50000
80945,2018,8,22,0.00000,93.00000,78.00000, 85.50000
80945,2018,8,23,0.04000,94.00000,79.00000, 86.50000
80945,2018,8,24,0.06000,92.00000,75.00000, 83.50000
80945,2018,8,25,0.38000,93.00000,74.00000, 83.50000
80945,2018,8,26,0.02000,91.00000,75.00000, 83.00000
80945,2018,8,27,0.01000,93.00000,76.00000, 84.50000
80945,2018,8,28,0.57000,93.00000,73.00000, 83.00000
80945,2018,8,29,1.18000,90.00000,72.00000, 81.00000
80945,2018,8,30,0.40000,90.00000,72.00000, 81.00000
80945,2018,8,31,0.08000,91.00000,74.00000, 82.50000
80945,2018,9,1,0.00000,92.00000,76.00000, 84.00000
80945,2018,9,2,0.27000,92.00000,76.00000, 84.00000
80945,2018,9,3,0.13000,86.00000,75.00000, 80.50000
80945,2018,9,4,0.03000,91.00000,76.00000, 83.50000
80945,2018,9,5,0.00000,92.00000,77.00000, 84.50000
80945,2018,9,6,0.27000,90.00000,76.00000, 83.00000
80945,2018,9,7,0.65000,90.00000,73.00000, 81.50000
80945,2018,9,8,0.29000,91.00000,74.00000, 82.50000
80945,2018,9,9,0.00000,92.00000,73.00000, 82.50000
80945,2018,9,10,0.05000,89.00000,77.00000, 83.00000
80945,2018,9,11,0.00000,91.00000,77.00000, 84.00000
80945,2018,9,12,0.42000,92.00000,74.00000, 83.00000
80945,2018,9,13,0.00000,92.00000,76.00000, 84.00000
80945,2018,9,14,0.00000,93.00000,76.00000, 84.50000
80945,2018,9,15,0.00000,92.00000,81.00000, 86.50000
80945,2018,9,16,0.00000,93.00000,80.00000, 86.50000
80945,2018,9,17,0.00000,94.00000,78.00000, 86.00000
80945,2018,9,18,1.17000,95.00000,77.00000, 86.00000
80945,2018,9,19,0.03000,94.00000,77.00000, 85.50000
80945,2018,9,20,0.03000,94.00000,76.00000, 85.00000
80945,2018,9,21,0.03000,91.00000,76.00000, 83.50000
80945,2018,9,22,0.04000,90.00000,77.00000, 83.50000
80945,2018,9,23,0.02000,92.00000,76.00000, 84.00000
80945,2018,9,24,0.20000,92.00000,76.00000, 84.00000
80945,2018,9,25,0.32000,92.00000,77.00000, 84.50000
80945,2018,9,26,0.00000,92.00000,76.00000, 84.00000
80945,2018,9,27,0.00000,93.00000,76.00000, 84.50000
80945,2018,9,28,0.03000,92.00000,73.00000, 82.50000
80945,2018,9,29,0.00000,92.00000,77.00000, 84.50000
80945,2018,9,30,0.00000,92.00000,77.00000, 84.50000
80945,2018,10,1,0.00000,91.00000,76.00000, 83.50000
80945,2018,10,2,0.01000,91.00000,76.00000, 83.50000
80945,2018,10,3,0.00000,90.00000,73.00000, 81.50000
80945,2018,10,4,0.00000,91.00000,73.00000, 82.00000
80945,2018,10,5,0.00000,91.00000,76.00000, 83.50000
80945,2018,10,6,0.00000,90.00000,74.00000, 82.00000
80945,2018,10,7,0.06000,90.00000,72.00000, 81.00000
80945,2018,10,8,0.13000,86.00000,75.00000, 80.50000
80945,2018,10,9,0.16000,91.00000,77.00000, 84.00000
80945,2018,10,10,0.56000,87.00000,77.00000, 82.00000
80945,2018,10,11,0.55000,90.00000,78.00000, 84.00000
80945,2018,10,12,0.00000,89.00000,75.00000, 82.00000
80945,2018,10,13,0.00000,86.00000,65.00000, 75.50000
80945,2018,10,14,0.00000,91.00000,73.00000, 82.00000
80945,2018,10,15,0.00000,91.00000,76.00000, 83.50000
80945,2018,10,16,0.00000,92.00000,76.00000, 84.00000
80945,2018,10,17,0.00000,92.00000,75.00000, 83.50000
80945,2018,10,18,0.00000,91.00000,74.00000, 82.50000
80945,2018,10,19,0.00000,90.00000,75.00000, 82.50000
80945,2018,10,20,0.00000,90.00000,73.00000, 81.50000
80945,2018,10,21,0.00000,86.00000,71.00000, 78.50000
80945,2018,10,22,0.00000,84.00000,66.00000, 75.00000
80945,2018,10,23,0.00000,87.00000,67.00000, 77.00000
80945,2018,10,24,0.00000,84.00000,72.00000, 78.00000
80945,2018,10,25,0.00000,86.00000,66.00000, 76.00000
80945,2018,10,26,0.00000,86.00000,75.00000, 80.50000
80945,2018,10,27,0.00000,79.00000,70.00000, 74.50000
80945,2018,10,28,0.00000,76.00000,59.00000, 67.50000
80945,2018,10,29,0.00000,89.00000,55.00000, 72.00000
80945,2018,10,30,0.00000,83.00000,55.00000, 69.00000
80945,2018,10,31,0.00000,84.00000,62.00000, 73.00000
80945,2018,11,1,0.00000,84.00000,66.00000, 75.00000
80945,2018,11,2,0.52000,83.00000,68.00000, 75.50000
80945,2018,11,3,0.00000,74.00000,55.00000, 64.50000
80945,2018,11,4,0.00000,83.00000,65.00000, 74.00000
80945,2018,11,5,0.00000,86.00000,71.00000, 78.50000
80945,2018,11,6,0.00000,85.00000,69.00000, 77.00000
80945,2018,11,7,0.14000,87.00000,68.00000, 77.50000
80945,2018,11,8,0.00000,87.00000,73.00000, 80.00000
80945,2018,11,9,0.00000,87.00000,73.00000, 80.00000
80945,2018,11,10,0.00000,87.00000,72.00000, 79.50000
80945,2018,11,11,0.00000,85.00000,67.00000, 76.00000
80945,2018,11,12,0.00000,87.00000,70.00000, 78.50000
80945,2018,11,13,0.00000,87.00000,72.00000, 79.50000
80945,2018,11,14,0.02000,86.00000,70.00000, 78.00000
80945,2018,11,15,0.40000,76.00000,62.00000, 69.00000
80945,2018,11,16,0.00000,66.00000,52.00000, 59.00000
80945,2018,11,17,0.00000,75.00000,48.00000, 61.50000
80945,2018,11,18,0.00000,80.00000,57.00000, 68.50000
80945,2018,11,19,0.00000,82.00000,66.00000, 74.00000
80945,2018,11,20,0.00000,81.00000,64.00000, 72.50000
80945,2018,11,21,0.00000,75.00000,62.00000, 68.50000
80945,2018,11,22,0.00000,71.00000,57.00000, 64.00000
80945,2018,11,23,0.00000,80.00000,60.00000, 70.00000
80945,2018,11,24,0.00000,82.00000,64.00000, 73.00000
80945,2018,11,25,0.00000,80.00000,64.00000, 72.00000
80945,2018,11,26,0.25000,83.00000,66.00000, 74.50000
80945,2018,11,27,0.01000,67.00000,56.00000, 61.50000
80945,2018,11,28,0.00000,56.00000,43.00000, 49.50000
80945,2018,11,29,0.00000,64.00000,43.00000, 53.50000
80945,2018,11,30,0.00000,77.00000,55.00000, 66.00000
80945,2018,12,1,0.00000,83.00000,66.00000, 74.50000
80945,2018,12,2,0.00000,84.00000,72.00000, 78.00000
80945,2018,12,3,0.00000,84.00000,72.00000, 78.00000
80945,2018,12,4,0.01000,80.00000,66.00000, 73.00000
80945,2018,12,5,0.00000,66.00000,50.00000, 58.00000
80945,2018,12,6,0.00000,70.00000,42.00000, 56.00000
80945,2018,12,7,0.00000,75.00000,53.00000, 64.00000
80945,2018,12,8,0.00000,79.00000,59.00000, 69.00000
80945,2018,12,9,0.90000,75.00000,67.00000, 71.00000
80945,2018,12,10,0.00000,67.00000,52.00000, 59.50000
80945,2018,12,11,0.00000,67.00000,48.00000, 57.50000
80945,2018,12,12,0.00000,68.00000,42.00000, 55.00000
80945,2018,12,13,0.00000,77.00000,55.00000, 66.00000
80945,2018,12,14,1.73000,77.00000,65.00000, 71.00000
80945,2018,12,15,0.15000,72.00000,60.00000, 66.00000
80945,2018,12,16,0.00000,74.00000,58.00000, 66.00000
80945,2018,12,17,0.00000,63.00000,53.00000, 58.00000
80945,2018,12,18,0.00000,70.00000,48.00000, 59.00000
80945,2018,12,19,0.85000,68.00000,51.00000, 59.50000
80945,2018,12,20,4.30000,69.00000,62.00000, 65.50000
80945,2018,12,21,0.10000,66.00000,56.00000, 61.00000
80945,2018,12,22,0.01000,62.00000,46.00000, 54.00000
80945,2018,12,23,0.00000,66.00000,43.00000, 54.50000
80945,2018,12,24,0.00000,71.00000,45.00000, 58.00000
80945,2018,12,25,0.00000,73.00000,49.00000, 61.00000
80945,2018,12,26,0.00000,77.00000,49.00000, 63.00000
80945,2018,12,27,0.00000,80.00000,62.00000, 71.00000
80945,2018,12,28,0.00000,83.00000,69.00000, 76.00000
80945,2018,12,29,0.00000,83.00000,67.00000, 75.00000
80945,2018,12,30,0.00000,82.00000,64.00000, 73.00000
80945,2018,12,31,0.00000,82.00000,63.00000, 72.50000
80945,2019,1,1,0.00000,81.00000,64.00000, 72.50000
80945,2019,1,2,0.00000,82.00000,63.00000, 72.50000
80945,2019,1,3,0.00000,83.00000,65.00000, 74.00000
80945,2019,1,4,0.62000,81.00000,65.00000, 73.00000
80945,2019,1,5,0.00000,68.00000,56.00000, 62.00000
80945,2019,1,6,0.00000,69.00000,50.00000, 59.50000
80945,2019,1,7,0.00000,77.00000,52.00000, 64.50000
80945,2019,1,8,0.00000,78.00000,55.00000, 66.50000
80945,2019,1,9,0.00000,72.00000,57.00000, 64.50000
80945,2019,1,10,0.00000,59.00000,46.00000, 52.50000
80945,2019,1,11,0.00000,71.00000,43.00000, 57.00000
80945,2019,1,12,0.00000,77.00000,56.00000, 66.50000
80945,2019,1,13,0.00000,79.00000,58.00000, 68.50000
80945,2019,1,14,0.00000,66.00000,52.00000, 59.00000
80945,2019,1,15,0.00000,57.00000,49.00000, 53.00000
80945,2019,1,16,0.00000,58.00000,38.00000, 48.00000
80945,2019,1,17,0.00000,69.00000,40.00000, 54.50000
80945,2019,1,18,0.00000,74.00000,44.00000, 59.00000
80945,2019,1,19,0.00000,79.00000,51.00000, 65.00000
80945,2019,1,20,0.06000,72.00000,51.00000, 61.50000
80945,2019,1,21,0.00000,64.00000,40.00000, 52.00000
80945,2019,1,22,0.00000,76.00000,48.00000, 62.00000
80945,2019,1,23,0.00000,79.00000,59.00000, 69.00000
80945,2019,1,24,0.51000,75.00000,59.00000, 67.00000
80945,2019,1,25,0.00000,61.00000,48.00000, 54.50000
80945,2019,1,26,0.01000,61.00000,49.00000, 55.00000
80945,2019,1,27,1.69000,54.00000,47.00000, 50.50000
80945,2019,1,28,0.02000,58.00000,45.00000, 51.50000
80945,2019,1,29,0.00000,64.00000,40.00000, 52.00000
80945,2019,1,30,0.00000,61.00000,48.00000, 54.50000
80945,2019,1,31,0.00000,68.00000,46.00000, 57.00000
80945,2019,2,1,0.00000,78.00000,56.00000, 67.00000
80945,2019,2,2,0.00000,80.00000,62.00000, 71.00000
80945,2019,2,3,0.00000,72.00000,60.00000, 66.00000
80945,2019,2,4,0.00000,75.00000,60.00000, 67.50000
80945,2019,2,5,0.00000,78.00000,56.00000, 67.00000
80945,2019,2,6,0.00000,72.00000,56.00000, 64.00000
80945,2019,2,7,0.00000,75.00000,58.00000, 66.50000
80945,2019,2,8,0.00000,80.00000,-99.90000, -99.90000
80945,2019,2,9,0.01000,74.00000,59.00000, 66.50000
80945,2019,2,10,0.00000,82.00000,63.00000, 72.50000
80945,2019,2,11,0.00000,83.00000,63.00000, 73.00000
80945,2019,2,12,0.00000,83.00000,54.00000, 68.50000
80945,2019,2,13,0.18000,73.00000,51.00000, 62.00000
80945,2019,2,14,0.00000,75.00000,43.00000, 59.00000
80945,2019,2,15,0.00000,78.00000,54.00000, 66.00000
80945,2019,2,16,0.00000,79.00000,58.00000, 68.50000
80945,2019,2,17,0.00000,84.00000,62.00000, 73.00000
80945,2019,2,18,0.00000,78.00000,50.00000, 64.00000
80945,2019,2,19,0.00000,85.00000,61.00000, 73.00000
80945,2019,2,20,0.00000,84.00000,69.00000, 76.50000
80945,2019,2,21,0.00000,84.00000,66.00000, 75.00000
80945,2019,2,22,0.00000,86.00000,67.00000, 76.50000
80945,2019,2,23,0.00000,86.00000,68.00000, 77.00000
80945,2019,2,24,0.00000,84.00000,71.00000, 77.50000
80945,2019,2,25,0.00000,75.00000,64.00000, 69.50000
80945,2019,2,26,1.30000,77.00000,64.00000, 70.50000
80945,2019,2,27,0.11000,82.00000,63.00000, 72.50000
80945,2019,2,28,0.00000,82.00000,61.00000, 71.50000
80945,2019,3,1,0.00000,83.00000,61.00000, 72.00000
80945,2019,3,2,0.00000,82.00000,62.00000, 72.00000
80945,2019,3,3,0.00000,85.00000,61.00000, 73.00000
80945,2019,3,4,0.00000,83.00000,65.00000, 74.00000
80945,2019,3,5,0.00000,65.00000,54.00000, 59.50000
80945,2019,3,6,0.00000,63.00000,45.00000, 54.00000
80945,2019,3,7,0.00000,73.00000,44.00000, 58.50000
80945,2019,3,8,0.00000,79.00000,53.00000, 66.00000
80945,2019,3,9,0.00000,84.00000,60.00000, 72.00000
80945,2019,3,10,0.00000,84.00000,64.00000, 74.00000
80945,2019,3,11,0.00000,86.00000,65.00000, 75.50000
80945,2019,3,12,0.00000,78.00000,63.00000, 70.50000
80945,2019,3,13,0.00000,82.00000,63.00000, 72.50000
80945,2019,3,14,0.00000,84.00000,-99.90000, -99.90000
80945,2019,3,15,0.00000,86.00000,66.00000, 76.00000
80945,2019,3,16,0.01000,81.00000,70.00000, 75.50000
80945,2019,3,17,0.01000,77.00000,63.00000, 70.00000
80945,2019,3,18,0.20000,72.00000,59.00000, 65.50000
80945,2019,3,19,0.60000,64.00000,51.00000, 57.50000
80945,2019,3,20,0.00000,74.00000,58.00000, 66.00000
80945,2019,3,21,0.00000,70.00000,58.00000, 64.00000
80945,2019,3,22,0.00000,72.00000,49.00000, 60.50000
80945,2019,3,23,0.00000,78.00000,49.00000, 63.50000
80945,2019,3,24,0.00000,81.00000,58.00000, 69.50000
80945,2019,3,25,0.00000,84.00000,62.00000, 73.00000
80945,2019,3,26,0.00000,79.00000,63.00000, 71.00000
80945,2019,3,27,0.00000,75.00000,56.00000, 65.50000
80945,2019,3,28,0.00000,79.00000,56.00000, 67.50000
80945,2019,3,29,0.00000,81.00000,58.00000, 69.50000
80945,2019,3,30,0.00000,81.00000,58.00000, 69.50000
80945,2019,3,31,0.00000,85.00000,62.00000, 73.50000
80945,2019,4,1,0.00000,76.00000,65.00000, 70.50000
80945,2019,4,2,0.56000,76.00000,62.00000, 69.00000
80945,2019,4,3,0.00000,80.00000,58.00000, 69.00000
80945,2019,4,4,0.00000,84.00000,62.00000, 73.00000
80945,2019,4,5,0.00000,78.00000,67.00000, 72.50000
80945,2019,4,6,0.00000,86.00000,67.00000, 76.50000
80945,2019,4,7,0.00000,88.00000,68.00000, 78.00000
80945,2019,4,8,0.01000,88.00000,69.00000, 78.50000
80945,2019,4,9,0.18000,84.00000,71.00000, 77.50000
80945,2019,4,10,0.01000,83.00000,68.00000, 75.50000
80945,2019,4,11,0.00000,86.00000,66.00000, 76.00000
80945,2019,4,12,0.00000,89.00000,65.00000, 77.00000
80945,2019,4,13,0.00000,89.00000,71.00000, 80.00000
80945,2019,4,14,0.65000,89.00000,70.00000, 79.50000
80945,2019,4,15,0.06000,75.00000,64.00000, 69.50000
80945,2019,4,16,0.00000,84.00000,58.00000, 71.00000
80945,2019,4,17,0.00000,85.00000,61.00000, 73.00000
80945,2019,4,18,0.00000,91.00000,61.00000, 76.00000
80945,2019,4,19,0.42000,84.00000,68.00000, 76.00000
80945,2019,4,20,0.00000,73.00000,65.00000, 69.00000
80945,2019,4,21,0.00000,76.00000,59.00000, 67.50000
80945,2019,4,22,0.00000,82.00000,54.00000, 68.00000
80945,2019,4,23,0.00000,85.00000,56.00000, 70.50000
80945,2019,4,24,0.00000,86.00000,68.00000, 77.00000
80945,2019,4,25,0.00000,85.00000,64.00000, 74.50000
80945,2019,4,26,0.00000,85.00000,64.00000, 74.50000
80945,2019,4,27,0.00000,86.00000,64.00000, 75.00000
80945,2019,4,28,0.00000,89.00000,64.00000, 76.50000
80945,2019,4,29,0.00000,89.00000,64.00000, 76.50000
80945,2019,4,30,0.00000,92.00000,70.00000, 81.00000
80945,2019,5,1,0.02000,88.00000,70.00000, 79.00000
80945,2019,5,2,0.06000,87.00000,71.00000, 79.00000
80945,2019,5,3,0.00000,88.00000,72.00000, 80.00000
80945,2019,5,4,0.00000,88.00000,70.00000, 79.00000
80945,2019,5,5,0.08000,84.00000,72.00000, 78.00000
80945,2019,5,6,0.00000,89.00000,72.00000, 80.50000
80945,2019,5,7,0.00000,92.00000,72.00000, 82.00000
80945,2019,5,8,0.05000,91.00000,72.00000, 81.50000
80945,2019,5,9,0.25000,90.00000,72.00000, 81.00000
80945,2019,5,10,0.92000,91.00000,71.00000, 81.00000
80945,2019,5,11,0.00000,90.00000,72.00000, 81.00000
80945,2019,5,12,0.00000,90.00000,73.00000, 81.50000
80945,2019,5,13,0.65000,88.00000,71.00000, 79.50000
80945,2019,5,14,0.00000,82.00000,72.00000, 77.00000
80945,2019,5,15,0.00000,87.00000,71.00000, 79.00000
80945,2019,5,16,0.00000,87.00000,71.00000, 79.00000
80945,2019,5,17,0.00000,89.00000,67.00000, 78.00000
80945,2019,5,18,0.00000,89.00000,66.00000, 77.50000
80945,2019,5,19,0.00000,91.00000,70.00000, 80.50000
80945,2019,5,20,0.00000,92.00000,71.00000, 81.50000
80945,2019,5,21,0.00000,92.00000,72.00000, 82.00000
80945,2019,5,22,0.00000,92.00000,72.00000, 82.00000
80945,2019,5,23,0.00000,90.00000,69.00000, 79.50000
80945,2019,5,24,0.00000,89.00000,67.00000, 78.00000
80945,2019,5,25,0.00000,93.00000,71.00000, 82.00000
80945,2019,5,26,0.00000,93.00000,71.00000, 82.00000
80945,2019,5,27,0.00000,93.00000,73.00000, 83.00000
80945,2019,5,28,0.00000,95.00000,73.00000, 84.00000
80945,2019,5,29,0.00000,95.00000,73.00000, 84.00000
80945,2019,5,30,0.00000,92.00000,70.00000, 81.00000
80945,2019,5,31,0.00000,95.00000,76.00000, 85.50000
80945,2019,6,1,0.00000,94.00000,77.00000, 85.50000
80945,2019,6,2,0.00000,93.00000,75.00000, 84.00000
80945,2019,6,3,0.00000,95.00000,76.00000, 85.50000
80945,2019,6,4,0.00000,98.00000,77.00000, 87.50000
80945,2019,6,5,0.00000,98.00000,75.00000, 86.50000
80945,2019,6,6,0.00000,95.00000,76.00000, 85.50000
80945,2019,6,7,0.00000,95.00000,76.00000, 85.50000
80945,2019,6,8,0.00000,93.00000,80.00000, 86.50000
80945,2019,6,9,0.70000,93.00000,75.00000, 84.00000
80945,2019,6,10,0.20000,90.00000,73.00000, 81.50000
80945,2019,6,11,0.20000,92.00000,77.00000, 84.50000
80945,2019,6,12,0.00000,92.00000,77.00000, 84.50000
80945,2019,6,13,1.40000,93.00000,75.00000, 84.00000
80945,2019,6,14,0.04000,87.00000,73.00000, 80.00000
80945,2019,6,15,0.93000,91.00000,72.00000, 81.50000
80945,2019,6,16,0.10000,84.00000,73.00000, 78.50000
80945,2019,6,17,0.00000,87.00000,73.00000, 80.00000
80945,2019,6,18,0.28000,92.00000,75.00000, 83.50000
80945,2019,6,19,0.22000,92.00000,75.00000, 83.50000
80945,2019,6,20,0.00000,94.00000,78.00000, 86.00000
80945,2019,6,21,0.00000,94.00000,78.00000, 86.00000
80945,2019,6,22,0.00000,95.00000,77.00000, 86.00000
80945,2019,6,23,0.00000,96.00000,77.00000, 86.50000
80945,2019,6,24,0.00000,95.00000,77.00000, 86.00000
80945,2019,6,25,0.00000,96.00000,77.00000, 86.50000
80945,2019,6,26,0.00000,98.00000,77.00000, 87.50000
80945,2019,6,27,0.00000,95.00000,76.00000, 85.50000
80945,2019,6,28,1.85000,95.00000,73.00000, 84.00000
80945,2019,6,29,0.16000,89.00000,72.00000, 80.50000
80945,2019,6,30,0.00000,94.00000,71.00000, 82.50000
80945,2019,7,1,0.00000,94.00000,79.00000, 86.50000
80945,2019,7,2,0.00000,94.00000,80.00000, 87.00000
80945,2019,7,3,1.45000,96.00000,76.00000, 86.00000
80945,2019,7,4,1.03000,96.00000,74.00000, 85.00000
80945,2019,7,5,0.03000,95.00000,78.00000, 86.50000
80945,2019,7,6,0.00000,93.00000,78.00000, 85.50000
80945,2019,7,7,0.61000,88.00000,75.00000, 81.50000
80945,2019,7,8,0.69000,86.00000,67.00000, 76.50000
80945,2019,7,9,1.38000,85.00000,75.00000, 80.00000
80945,2019,7,10,0.19000,85.00000,68.00000, 76.50000
80945,2019,7,11,1.23000,84.00000,73.00000, 78.50000
80945,2019,7,12,0.01000,87.00000,75.00000, 81.00000
80945,2019,7,13,0.00000,91.00000,74.00000, 82.50000
80945,2019,7,14,0.02000,95.00000,76.00000, 85.50000
80945,2019,7,15,0.93000,94.00000,76.00000, 85.00000
80945,2019,7,16,0.02000,95.00000,78.00000, 86.50000
80945,2019,7,17,1.66000,93.00000,73.00000, 83.00000
80945,2019,7,18,0.09000,92.00000,70.00000, 81.00000
80945,2019,7,19,0.70000,93.00000,70.00000, 81.50000
80945,2019,7,20,1.58000,94.00000,70.00000, 82.00000
80945,2019,7,21,0.51000,93.00000,73.00000, 83.00000
80945,2019,7,22,0.50000,91.00000,73.00000, 82.00000
80945,2019,7,23,0.05000,89.00000,74.00000, 81.50000
80945,2019,7,24,1.10000,89.00000,75.00000, 82.00000
80945,2019,7,25,0.50000,89.00000,75.00000, 82.00000
80945,2019,7,26,0.12000,91.00000,75.00000, 83.00000
80945,2019,7,27,0.00000,93.00000,75.00000, 84.00000
80945,2019,7,28,0.00000,93.00000,77.00000, 85.00000
80945,2019,7,29,0.00000,96.00000,75.00000, 85.50000
80945,2019,7,30,0.00000,95.00000,75.00000, 85.00000
80945,2019,7,31,0.33000,93.00000,71.00000, 82.00000
80945,2019,8,1,1.82000,91.00000,72.00000, 81.50000
80945,2019,8,2,0.20000,89.00000,75.00000, 82.00000
80945,2019,8,3,0.12000,92.00000,76.00000, 84.00000
80945,2019,8,4,0.00000,93.00000,78.00000, 85.50000
80945,2019,8,5,0.02000,88.00000,73.00000, 80.50000
80945,2019,8,6,0.39000,91.00000,75.00000, 83.00000
80945,2019,8,7,1.09000,92.00000,77.00000, 84.50000
80945,2019,8,8,0.20000,92.00000,77.00000, 84.50000
80945,2019,8,9,0.39000,93.00000,79.00000, 86.00000
80945,2019,8,10,1.32000,87.00000,77.00000, 82.00000
80945,2019,8,11,0.04000,91.00000,79.00000, 85.00000
80945,2019,8,12,0.36000,91.00000,78.00000, 84.50000
80945,2019,8,13,0.58000,91.00000,78.00000, 84.50000
80945,2019,8,14,1.71000,87.00000,77.00000, 82.00000
80945,2019,8,15,0.60000,87.00000,76.00000, 81.50000
80945,2019,8,16,2.45000,89.00000,74.00000, 81.50000
80945,2019,8,17,0.28000,83.00000,73.00000, 78.00000
80945,2019,8,18,0.01000,93.00000,75.00000, 84.00000
80945,2019,8,19,0.28000,92.00000,75.00000, 83.50000
80945,2019,8,20,0.01000,91.00000,75.00000, 83.00000
80945,2019,8,21,0.84000,92.00000,76.00000, 84.00000
80945,2019,8,22,0.00000,93.00000,76.00000, 84.50000
80945,2019,8,23,0.01000,91.00000,77.00000, 84.00000
80945,2019,8,24,0.00000,92.00000,77.00000, 84.50000
80945,2019,8,25,0.00000,94.00000,78.00000, 86.00000
80945,2019,8,26,0.05000,94.00000,79.00000, 86.50000
80945,2019,8,27,0.04000,89.00000,78.00000, 83.50000
80945,2019,8,28,0.06000,87.00000,79.00000, 83.00000
80945,2019,8,29,0.05000,93.00000,78.00000, 85.50000
80945,2019,8,30,0.24000,93.00000,78.00000, 85.50000
80945,2019,8,31,0.28000,93.00000,76.00000, 84.50000
80945,2019,9,1,0.55000,93.00000,78.00000, 85.50000
80945,2019,9,2,0.09000,88.00000,78.00000, 83.00000
80945,2019,9,3,0.00000,90.00000,79.00000, 84.50000
80945,2019,9,4,0.00000,89.00000,81.00000, 85.00000
80945,2019,9,5,0.00000,93.00000,83.00000, 88.00000
80945,2019,9,6,0.00000,94.00000,81.00000, 87.50000
80945,2019,9,7,0.00000,92.00000,72.00000, 82.00000
80945,2019,9,8,0.00000,93.00000,77.00000, 85.00000
80945,2019,9,9,0.80000,95.00000,76.00000, 85.50000
80945,2019,9,10,0.00000,93.00000,78.00000, 85.50000
80945,2019,9,11,0.00000,92.00000,77.00000, 84.50000
80945,2019,9,12,0.09000,92.00000,76.00000, 84.00000
80945,2019,9,13,0.01000,90.00000,79.00000, 84.50000
80945,2019,9,14,0.01000,91.00000,77.00000, 84.00000
80945,2019,9,15,0.00000,92.00000,77.00000, 84.50000
80945,2019,9,16,0.00000,90.00000,77.00000, 83.50000
80945,2019,9,17,0.00000,92.00000,76.00000, 84.00000
80945,2019,9,18,0.40000,92.00000,73.00000, 82.50000
80945,2019,9,19,0.00000,85.00000,75.00000, 80.00000
80945,2019,9,20,0.00000,84.00000,73.00000, 78.50000
80945,2019,9,21,0.01000,89.00000,72.00000, 80.50000
80945,2019,9,22,0.00000,88.00000,72.00000, 80.00000
80945,2019,9,23,0.00000,88.00000,69.00000, 78.50000
80945,2019,9,24,0.00000,89.00000,68.00000, 78.50000
80945,2019,9,25,0.00000,90.00000,71.00000, 80.50000
80945,2019,9,26,0.00000,90.00000,58.00000, 74.00000
80945,2019,9,27,0.00000,90.00000,72.00000, 81.00000
80945,2019,9,28,0.00000,92.00000,74.00000, 83.00000
80945,2019,9,29,0.00000,92.00000,74.00000, 83.00000
80945,2019,9,30,0.00000,92.00000,76.00000, 84.00000
80945,2019,10,1,0.00000,91.00000,76.00000, 83.50000
80945,2019,10,2,0.00000,91.00000,73.00000, 82.00000
80945,2019,10,3,0.00000,91.00000,73.00000, 82.00000
80945,2019,10,4,0.00000,91.00000,70.00000, 80.50000
80945,2019,10,5,0.00000,91.00000,75.00000, 83.00000
80945,2019,10,6,0.00000,90.00000,73.00000, 81.50000
80945,2019,10,7,0.19000,89.00000,75.00000, 82.00000
80945,2019,10,8,0.00000,90.00000,75.00000, 82.50000
80945,2019,10,9,0.51000,86.00000,75.00000, 80.50000
80945,2019,10,10,0.00000,89.00000,72.00000, 80.50000
80945,2019,10,11,0.00000,88.00000,72.00000, 80.00000
80945,2019,10,12,0.00000,85.00000,70.00000, 77.50000
80945,2019,10,13,0.00000,88.00000,70.00000, 79.00000
80945,2019,10,14,0.00000,89.00000,72.00000, 80.50000
80945,2019,10,15,0.00000,89.00000,74.00000, 81.50000
80945,2019,10,16,0.00000,89.00000,73.00000, 81.00000
80945,2019,10,17,0.15000,87.00000,74.00000, 80.50000
80945,2019,10,18,0.35000,81.00000,71.00000, 76.00000
80945,2019,10,19,2.05000,85.00000,73.00000, 79.00000
80945,2019,10,20,0.00000,88.00000,74.00000, 81.00000
80945,2019,10,21,0.07000,89.00000,76.00000, 82.50000
80945,2019,10,22,0.00000,90.00000,77.00000, 83.50000
80945,2019,10,23,0.00000,85.00000,70.00000, 77.50000
80945,2019,10,24,0.00000,90.00000,72.00000, 81.00000
80945,2019,10,25,0.14000,90.00000,75.00000, 82.50000
80945,2019,10,26,0.01000,87.00000,75.00000, 81.00000
80945,2019,10,27,0.00000,89.00000,76.00000, 82.50000
80945,2019,10,28,0.01000,90.00000,76.00000, 83.00000
80945,2019,10,29,0.05000,91.00000,75.00000, 83.00000
80945,2019,10,30,0.00000,90.00000,75.00000, 82.50000
80945,2019,10,31,-99.99000,-99.90000,-99.90000, -99.90000
80945,2019,11,1,0.00000,82.00000,73.00000, 77.50000
80945,2019,11,2,0.00000,87.00000,69.00000, 78.00000
80945,2019,11,3,0.00000,81.00000,67.00000, 74.00000
80945,2019,11,4,0.00000,85.00000,69.00000, 77.00000
80945,2019,11,5,0.00000,89.00000,74.00000, 81.50000
80945,2019,11,6,0.00000,86.00000,73.00000, 79.50000
80945,2019,11,7,0.00000,88.00000,72.00000, 80.00000
80945,2019,11,8,0.00000,87.00000,71.00000, 79.00000
80945,2019,11,9,0.00000,76.00000,64.00000, 70.00000
80945,2019,11,10,0.00000,80.00000,58.00000, 69.00000
80945,2019,11,11,0.00000,82.00000,63.00000, 72.50000
80945,2019,11,12,0.02000,84.00000,65.00000, 74.50000
80945,2019,11,13,0.04000,84.00000,56.00000, 70.00000
80945,2019,11,14,0.02000,84.00000,56.00000, 70.00000
80945,2019,11,15,0.10000,73.00000,66.00000, 69.50000
80945,2019,11,16,0.00000,66.00000,53.00000, 59.50000
80945,2019,11,17,0.00000,57.00000,52.00000, 54.50000
80945,2019,11,18,0.00000,71.00000,53.00000, 62.00000
80945,2019,11,19,0.00000,72.00000,54.00000, 63.00000
80945,2019,11,20,0.00000,73.00000,50.00000, 61.50000
80945,2019,11,21,0.00000,77.00000,48.00000, 62.50000
80945,2019,11,22,0.00000,79.00000,55.00000, 67.00000
80945,2019,11,23,0.00000,82.00000,57.00000, 69.50000
80945,2019,11,24,0.78000,75.00000,59.00000, 67.00000
80945,2019,11,25,0.00000,68.00000,52.00000, 60.00000
80945,2019,11,26,0.00000,75.00000,52.00000, 63.50000
80945,2019,11,27,0.00000,79.00000,54.00000, 66.50000
80945,2019,11,28,0.00000,79.00000,58.00000, 68.50000
80945,2019,11,29,0.00000,80.00000,55.00000, 67.50000
80945,2019,11,30,0.00000,80.00000,57.00000, 68.50000
80945,2019,12,1,0.00000,81.00000,63.00000, 72.00000
80945,2019,12,2,0.00000,76.00000,57.00000, 66.50000
80945,2019,12,3,0.00000,61.00000,47.00000, 54.00000
80945,2019,12,4,0.00000,66.00000,51.00000, 58.50000
80945,2019,12,5,0.00000,68.00000,49.00000, 58.50000
80945,2019,12,6,0.00000,73.00000,47.00000, 60.00000
80945,2019,12,7,0.00000,74.00000,49.00000, 61.50000
80945,2019,12,8,0.00000,79.00000,49.00000, 64.00000
80945,2019,12,9,0.00000,81.00000,61.00000, 71.00000
80945,2019,12,10,0.00000,84.00000,62.00000, 73.00000
80945,2019,12,11,0.00000,84.00000,62.00000, 73.00000
80945,2019,12,12,0.00000,79.00000,65.00000, 72.00000
80945,2019,12,13,0.00000,77.00000,68.00000, 72.50000
80945,2019,12,14,0.54000,76.00000,63.00000, 69.50000
80945,2019,12,15,0.01000,77.00000,53.00000, 65.00000
80945,2019,12,16,0.00000,83.00000,61.00000, 72.00000
80945,2019,12,17,0.77000,84.00000,68.00000, 76.00000
80945,2019,12,18,0.02000,68.00000,50.00000, 59.00000
80945,2019,12,19,0.00000,69.00000,45.00000, 57.00000
80945,2019,12,20,0.00000,76.00000,57.00000, 66.50000
80945,2019,12,21,0.08000,75.00000,65.00000, 70.00000
80945,2019,12,22,0.11000,72.00000,65.00000, 68.50000
80945,2019,12,23,0.27000,75.00000,60.00000, 67.50000
80945,2019,12,24,0.01000,65.00000,58.00000, 61.50000
80945,2019,12,25,0.00000,80.00000,62.00000, 71.00000
80945,2019,12,26,0.00000,78.00000,62.00000, 70.00000
80945,2019,12,27,0.12000,80.00000,62.00000, 71.00000
80945,2019,12,28,0.76000,81.00000,69.00000, 75.00000
80945,2019,12,29,0.04000,82.00000,71.00000, 76.50000
80945,2019,12,30,0.00000,77.00000,69.00000, 73.00000
80945,2019,12,31,0.00000,69.00000,55.00000, 62.00000
80945,2020,1,1,0.00000,71.00000,53.00000, 62.00000
80945,2020,1,2,0.00000,81.00000,56.00000, 68.50000
80945,2020,1,3,0.00000,84.00000,67.00000, 75.50000
80945,2020,1,4,0.73000,79.00000,65.00000, 72.00000
80945,2020,1,5,0.00000,65.00000,49.00000, 57.00000
80945,2020,1,6,0.00000,66.00000,44.00000, 55.00000
80945,2020,1,7,0.00000,71.00000,46.00000, 58.50000
80945,2020,1,8,0.00000,68.00000,50.00000, 59.00000
80945,2020,1,9,0.00000,78.00000,52.00000, 65.00000
80945,2020,1,10,0.00000,80.00000,65.00000, 72.50000
80945,2020,1,11,0.00000,83.00000,70.00000, 76.50000
80945,2020,1,12,0.00000,85.00000,67.00000, 76.00000
80945,2020,1,13,0.00000,83.00000,69.00000, 76.00000
80945,2020,1,14,0.00000,83.00000,66.00000, 74.50000
80945,2020,1,15,0.00000,82.00000,66.00000, 74.00000
80945,2020,1,16,0.00000,80.00000,62.00000, 71.00000
80945,2020,1,17,0.00000,79.00000,65.00000, 72.00000
80945,2020,1,18,0.00000,78.00000,60.00000, 69.00000
80945,2020,1,19,0.00000,77.00000,61.00000, 69.00000
80945,2020,1,20,0.00000,71.00000,49.00000, 60.00000
80945,2020,1,21,0.00000,53.00000,41.00000, 47.00000
80945,2020,1,22,0.00000,56.00000,37.00000, 46.50000
80945,2020,1,23,0.00000,73.00000,50.00000, 61.50000
80945,2020,1,24,0.00000,78.00000,60.00000, 69.00000
80945,2020,1,25,0.00000,75.00000,50.00000, 62.50000
80945,2020,1,26,0.00000,65.00000,47.00000, 56.00000
80945,2020,1,27,0.02000,70.00000,55.00000, 62.50000
80945,2020,1,28,0.00000,69.00000,57.00000, 63.00000
80945,2020,1,29,0.21000,75.00000,50.00000, 62.50000
80945,2020,1,30,0.00000,64.00000,55.00000, 59.50000
80945,2020,1,31,0.05000,71.00000,58.00000, 64.50000
80945,2020,2,1,0.44000,67.00000,57.00000, 62.00000
80945,2020,2,2,0.00000,60.00000,49.00000, 54.50000
80945,2020,2,3,0.00000,72.00000,45.00000, 58.50000
80945,2020,2,4,0.00000,78.00000,50.00000, 64.00000
80945,2020,2,5,0.00000,79.00000,62.00000, 70.50000
80945,2020,2,6,1.00000,83.00000,65.00000, 74.00000
80945,2020,2,7,0.03000,65.00000,49.00000, 57.00000
80945,2020,2,8,0.00000,70.00000,46.00000, 58.00000
80945,2020,2,9,0.00000,78.00000,55.00000, 66.50000
80945,2020,2,10,0.00000,83.00000,60.00000, 71.50000
80945,2020,2,11,0.00000,84.00000,66.00000, 75.00000
80945,2020,2,12,0.02000,84.00000,67.00000, 75.50000
80945,2020,2,13,0.00000,84.00000,68.00000, 76.00000
80945,2020,2,14,0.22000,81.00000,64.00000, 72.50000
80945,2020,2,15,0.00000,79.00000,58.00000, 68.50000
80945,2020,2,16,0.00000,83.00000,63.00000, 73.00000
80945,2020,2,17,0.00000,82.00000,67.00000, 74.50000
80945,2020,2,18,0.00000,84.00000,67.00000, 75.50000
80945,2020,2,19,0.00000,85.00000,70.00000, 77.50000
80945,2020,2,20,0.00000,84.00000,71.00000, 77.50000
80945,2020,2,21,0.05000,84.00000,46.00000, 65.00000
80945,2020,2,22,0.00000,70.00000,43.00000, 56.50000
80945,2020,2,23,0.00000,76.00000,51.00000, 63.50000
80945,2020,2,24,0.00000,80.00000,59.00000, 69.50000
80945,2020,2,25,0.01000,83.00000,63.00000, 73.00000
80945,2020,2,26,0.38000,82.00000,63.00000, 72.50000
80945,2020,2,27,0.00000,63.00000,47.00000, 55.00000
80945,2020,2,28,0.00000,62.00000,47.00000, 54.50000
80945,2020,2,29,0.00000,64.00000,47.00000, 55.50000
80945,2020,3,1,0.00000,73.00000,42.00000, 57.50000
80945,2020,3,2,0.00000,79.00000,55.00000, 67.00000
80945,2020,3,3,0.00000,83.00000,60.00000, 71.50000
80945,2020,3,4,0.00000,86.00000,65.00000, 75.50000
80945,2020,3,5,0.00000,87.00000,71.00000, 79.00000
80945,2020,3,6,0.00000,76.00000,61.00000, 68.50000
80945,2020,3,7,0.00000,68.00000,51.00000, 59.50000
80945,2020,3,8,0.00000,73.00000,50.00000, 61.50000
80945,2020,3,9,0.00000,79.00000,57.00000, 68.00000
80945,2020,3,10,0.00000,81.00000,64.00000, 72.50000
80945,2020,3,11,0.00000,83.00000,62.00000, 72.50000
80945,2020,3,12,0.00000,84.00000,60.00000, 72.00000
80945,2020,3,13,0.00000,86.00000,62.00000, 74.00000
80945,2020,3,14,0.00000,87.00000,62.00000, 74.50000
80945,2020,3,15,0.00000,87.00000,66.00000, 76.50000
80945,2020,3,16,0.00000,86.00000,66.00000, 76.00000
80945,2020,3,17,0.00000,85.00000,67.00000, 76.00000
80945,2020,3,18,0.00000,87.00000,66.00000, 76.50000
80945,2020,3,19,0.00000,88.00000,64.00000, 76.00000
80945,2020,3,20,0.00000,85.00000,66.00000, 75.50000
80945,2020,3,21,0.00000,87.00000,66.00000, 76.50000
80945,2020,3,22,0.00000,87.00000,67.00000, 77.00000
80945,2020,3,23,0.00000,88.00000,66.00000, 77.00000
80945,2020,3,24,0.00000,86.00000,68.00000, 77.00000
80945,2020,3,25,0.00000,86.00000,68.00000, 77.00000
80945,2020,3,26,0.00000,88.00000,69.00000, 78.50000
80945,2020,3,27,0.00000,91.00000,67.00000, 79.00000
80945,2020,3,28,0.00000,90.00000,68.00000, 79.00000
80945,2020,3,29,0.00000,89.00000,69.00000, 79.00000
80945,2020,3,30,0.00000,89.00000,69.00000, 79.00000
80945,2020,3,31,0.17000,86.00000,72.00000, 79.00000
80945,2020,4,1,0.00000,75.00000,63.00000, 69.00000
80945,2020,4,2,0.00000,79.00000,58.00000, 68.50000
80945,2020,4,3,0.00000,84.00000,57.00000, 70.50000
80945,2020,4,4,0.00000,86.00000,61.00000, 73.50000
80945,2020,4,5,0.10000,73.00000,62.00000, 67.50000
80945,2020,4,6,0.00000,86.00000,64.00000, 75.00000
80945,2020,4,7,0.00000,87.00000,65.00000, 76.00000
80945,2020,4,8,0.00000,85.00000,67.00000, 76.00000
80945,2020,4,9,0.00000,84.00000,75.00000, 79.50000
80945,2020,4,10,0.00000,87.00000,72.00000, 79.50000
80945,2020,4,11,0.00000,88.00000,65.00000, 76.50000
80945,2020,4,12,0.00000,93.00000,73.00000, 83.00000
80945,2020,4,13,0.00000,93.00000,73.00000, 83.00000
80945,2020,4,14,0.00000,90.00000,75.00000, 82.50000
80945,2020,4,15,0.00000,88.00000,77.00000, 82.50000
80945,2020,4,16,0.14000,77.00000,63.00000, 70.00000
80945,2020,4,17,0.00000,85.00000,67.00000, 76.00000
80945,2020,4,18,0.45000,83.00000,70.00000, 76.50000
80945,2020,4,19,0.00000,89.00000,71.00000, 80.00000
80945,2020,4,20,0.95000,82.00000,68.00000, 75.00000
80945,2020,4,21,0.00000,84.00000,64.00000, 74.00000
80945,2020,4,22,0.00000,87.00000,63.00000, 75.00000
80945,2020,4,23,0.00000,90.00000,69.00000, 79.50000
80945,2020,4,24,3.65000,81.00000,71.00000, 76.00000
80945,2020,4,25,0.11000,86.00000,71.00000, 78.50000
80945,2020,4,26,0.00000,84.00000,72.00000, 78.00000
80945,2020,4,27,0.00000,81.00000,65.00000, 73.00000
80945,2020,4,28,0.00000,85.00000,60.00000, 72.50000
80945,2020,4,29,0.00000,86.00000,65.00000, 75.50000
80945,2020,4,30,1.48000,80.00000,68.00000, 74.00000
80945,2020,5,1,0.00000,79.00000,60.00000, 69.50000
80945,2020,5,2,0.00000,88.00000,59.00000, 73.50000
80945,2020,5,3,0.00000,87.00000,68.00000, 77.50000
80945,2020,5,4,0.00000,86.00000,66.00000, 76.00000
80945,2020,5,5,0.00000,87.00000,66.00000, 76.50000
80945,2020,5,6,0.01000,86.00000,65.00000, 75.50000
80945,2020,5,7,0.00000,86.00000,64.00000, 75.00000
80945,2020,5,8,0.00000,84.00000,57.00000, 70.50000
80945,2020,5,9,0.00000,87.00000,68.00000, 77.50000
80945,2020,5,10,0.18000,80.00000,68.00000, 74.00000
80945,2020,5,11,0.00000,87.00000,67.00000, 77.00000
80945,2020,5,12,0.00000,88.00000,64.00000, 76.00000
80945,2020,5,13,0.00000,88.00000,66.00000, 77.00000
80945,2020,5,14,0.00000,87.00000,68.00000, 77.50000
80945,2020,5,15,0.24000,86.00000,69.00000, 77.50000
80945,2020,5,16,0.28000,88.00000,71.00000, 79.50000
80945,2020,5,17,0.02000,89.00000,70.00000, 79.50000
80945,2020,5,18,0.20000,81.00000,70.00000, 75.50000
80945,2020,5,19,0.00000,87.00000,70.00000, 78.50000
80945,2020,5,20,0.00000,89.00000,69.00000, 79.00000
80945,2020,5,21,0.19000,94.00000,73.00000, 83.50000
80945,2020,5,22,0.20000,95.00000,70.00000, 82.50000
80945,2020,5,23,0.18000,93.00000,73.00000, 83.00000
80945,2020,5,24,0.15000,83.00000,74.00000, 78.50000
80945,2020,5,25,0.11000,85.00000,73.00000, 79.00000
80945,2020,5,26,0.00000,90.00000,74.00000, 82.00000
80945,2020,5,27,0.00000,91.00000,78.00000, 84.50000
80945,2020,5,28,0.00000,95.00000,73.00000, 84.00000
80945,2020,5,29,0.00000,93.00000,73.00000, 83.00000
80945,2020,5,30,0.00000,94.00000,74.00000, 84.00000
80945,2020,5,31,0.00000,92.00000,74.00000, 83.00000
80945,2020,6,1,0.00000,94.00000,79.00000, 86.50000
80945,2020,6,2,0.00000,90.00000,76.00000, 83.00000
80945,2020,6,3,6.03000,85.00000,72.00000, 78.50000
80945,2020,6,4,0.94000,86.00000,72.00000, 79.00000
80945,2020,6,5,1.08000,85.00000,73.00000, 79.00000
80945,2020,6,6,2.22000,86.00000,74.00000, 80.00000
80945,2020,6,7,0.42000,90.00000,74.00000, 82.00000
80945,2020,6,8,0.00000,91.00000,79.00000, 85.00000
80945,2020,6,9,0.00000,94.00000,78.00000, 86.00000
80945,2020,6,10,0.48000,95.00000,76.00000, 85.50000
80945,2020,6,11,0.14000,92.00000,75.00000, 83.50000
80945,2020,6,12,0.00000,91.00000,74.00000, 82.50000
80945,2020,6,13,0.10000,85.00000,76.00000, 80.50000
80945,2020,6,14,0.41000,91.00000,75.00000, 83.00000
80945,2020,6,15,0.00000,92.00000,74.00000, 83.00000
80945,2020,6,16,0.00000,89.00000,72.00000, 80.50000
80945,2020,6,17,0.00000,93.00000,71.00000, 82.00000
80945,2020,6,18,0.00000,93.00000,75.00000, 84.00000
80945,2020,6,19,0.00000,92.00000,75.00000, 83.50000
80945,2020,6,20,0.00000,95.00000,76.00000, 85.50000
80945,2020,6,21,0.00000,95.00000,77.00000, 86.00000
80945,2020,6,22,0.00000,96.00000,77.00000, 86.50000
80945,2020,6,23,0.00000,95.00000,77.00000, 86.00000
80945,2020,6,24,0.00000,97.00000,78.00000, 87.50000
80945,2020,6,25,0.08000,96.00000,79.00000, 87.50000
80945,2020,6,26,0.20000,97.00000,76.00000, 86.50000
80945,2020,6,27,0.01000,96.00000,77.00000, 86.50000
80945,2020,6,28,0.00000,95.00000,79.00000, 87.00000
80945,2020,6,29,0.00000,94.00000,80.00000, 87.00000
80945,2020,6,30,0.00000,96.00000,79.00000, 87.50000
80945,2020,7,1,0.00000,96.00000,80.00000, 88.00000
80945,2020,7,2,0.00000,96.00000,80.00000, 88.00000
80945,2020,7,3,0.00000,95.00000,81.00000, 88.00000
80945,2020,7,4,0.02000,95.00000,80.00000, 87.50000
80945,2020,7,5,0.28000,94.00000,77.00000, 85.50000
80945,2020,7,6,0.00000,95.00000,77.00000, 86.00000
80945,2020,7,7,0.00000,94.00000,78.00000, 86.00000
80945,2020,7,8,0.01000,94.00000,79.00000, 86.50000
80945,2020,7,9,0.00000,94.00000,79.00000, 86.50000
80945,2020,7,10,0.06000,93.00000,82.00000, 87.50000
80945,2020,7,11,0.00000,93.00000,83.00000, 88.00000
80945,2020,7,12,0.00000,96.00000,81.00000, 88.50000
80945,2020,7,13,0.00000,96.00000,79.00000, 87.50000
80945,2020,7,14,0.05000,97.00000,81.00000, 89.00000
80945,2020,7,15,1.33000,98.00000,76.00000, 87.00000
80945,2020,7,16,0.00000,95.00000,77.00000, 86.00000
80945,2020,7,17,1.85000,94.00000,74.00000, 84.00000
80945,2020,7,18,0.02000,92.00000,76.00000, 84.00000
80945,2020,7,19,0.05000,92.00000,78.00000, 85.00000
80945,2020,7,20,0.05000,94.00000,77.00000, 85.50000
80945,2020,7,21,0.01000,92.00000,77.00000, 84.50000
80945,2020,7,22,0.16000,88.00000,76.00000, 82.00000
80945,2020,7,23,1.16000,88.00000,74.00000, 81.00000
80945,2020,7,24,0.34000,93.00000,75.00000, 84.00000
80945,2020,7,25,0.02000,92.00000,76.00000, 84.00000
80945,2020,7,26,1.16000,91.00000,77.00000, 84.00000
80945,2020,7,27,0.26000,95.00000,75.00000, 85.00000
80945,2020,7,28,0.00000,92.00000,77.00000, 84.50000
80945,2020,7,29,0.22000,94.00000,76.00000, 85.00000
80945,2020,7,30,0.00000,94.00000,77.00000, 85.50000
80945,2020,7,31,0.00000,95.00000,78.00000, 86.50000
80945,2020,8,1,0.00000,94.00000,78.00000, 86.00000
80945,2020,8,2,0.66000,90.00000,77.00000, 83.50000
80945,2020,8,3,0.00000,93.00000,77.00000, 85.00000
80945,2020,8,4,0.35000,92.00000,78.00000, 85.00000
80945,2020,8,5,0.54000,90.00000,76.00000, 83.00000
80945,2020,8,6,0.01000,94.00000,76.00000, 85.00000
80945,2020,8,7,0.00000,95.00000,77.00000, 86.00000
80945,2020,8,8,0.00000,95.00000,77.00000, 86.00000
80945,2020,8,9,0.79000,95.00000,76.00000, 85.50000
80945,2020,8,10,0.20000,94.00000,77.00000, 85.50000
80945,2020,8,11,0.15000,93.00000,77.00000, 85.00000
80945,2020,8,12,0.01000,94.00000,76.00000, 85.00000
80945,2020,8,13,0.61000,92.00000,76.00000, 84.00000
80945,2020,8,14,0.00000,95.00000,78.00000, 86.50000
80945,2020,8,15,0.00000,93.00000,78.00000, 85.50000
80945,2020,8,16,0.22000,90.00000,78.00000, 84.00000
80945,2020,8,17,0.01000,93.00000,79.00000, 86.00000
80945,2020,8,18,0.07000,93.00000,77.00000, 85.00000
80945,2020,8,19,0.37000,88.00000,72.00000, 80.00000
80945,2020,8,20,1.37000,93.00000,75.00000, 84.00000
80945,2020,8,21,0.41000,91.00000,74.00000, 82.50000
80945,2020,8,22,0.78000,87.00000,73.00000, 80.00000
80945,2020,8,23,0.20000,93.00000,76.00000, 84.50000
80945,2020,8,24,0.05000,92.00000,77.00000, 84.50000
80945,2020,8,25,0.00000,94.00000,80.00000, 87.00000
80945,2020,8,26,0.02000,94.00000,79.00000, 86.50000
80945,2020,8,27,0.00000,94.00000,78.00000, 86.00000
80945,2020,8,28,0.00000,94.00000,79.00000, 86.50000
80945,2020,8,29,0.00000,94.00000,81.00000, 87.50000
80945,2020,8,30,0.36000,92.00000,76.00000, 84.00000
80945,2020,8,31,0.55000,91.00000,76.00000, 83.50000
80945,2020,9,1,0.01000,93.00000,77.00000, 85.00000
80945,2020,9,2,0.01000,96.00000,79.00000, 87.50000
80945,2020,9,3,0.00000,95.00000,78.00000, 86.50000
80945,2020,9,4,0.00000,96.00000,79.00000, 87.50000
80945,2020,9,5,0.00000,94.00000,77.00000, 85.50000
80945,2020,9,6,0.04000,92.00000,76.00000, 84.00000
80945,2020,9,7,0.79000,92.00000,75.00000, 83.50000
80945,2020,9,8,2.20000,90.00000,76.00000, 83.00000
80945,2020,9,9,0.64000,89.00000,76.00000, 82.50000
80945,2020,9,10,2.85000,91.00000,76.00000, 83.50000
80945,2020,9,11,0.48000,91.00000,77.00000, 84.00000
80945,2020,9,12,0.02000,89.00000,69.00000, 79.00000
80945,2020,9,13,1.12000,79.00000,75.00000, 77.00000
80945,2020,9,14,0.14000,84.00000,64.00000, 74.00000
80945,2020,9,15,0.27000,86.00000,77.00000, 81.50000
80945,2020,9,16,0.01000,91.00000,77.00000, 84.00000
80945,2020,9,17,0.01000,91.00000,78.00000, 84.50000
80945,2020,9,18,0.57000,91.00000,78.00000, 84.50000
80945,2020,9,19,0.01000,90.00000,75.00000, 82.50000
80945,2020,9,20,0.02000,87.00000,77.00000, 82.00000
80945,2020,9,21,0.00000,88.00000,76.00000, 82.00000
80945,2020,9,22,0.00000,87.00000,71.00000, 79.00000
80945,2020,9,23,0.00000,87.00000,70.00000, 78.50000
80945,2020,9,24,0.00000,91.00000,70.00000, 80.50000
80945,2020,9,25,0.00000,91.00000,77.00000, 84.00000
80945,2020,9,26,0.00000,92.00000,76.00000, 84.00000
80945,2020,9,27,0.12000,91.00000,77.00000, 84.00000
80945,2020,9,28,0.00000,91.00000,76.00000, 83.50000
80945,2020,9,29,0.70000,91.00000,75.00000, 83.00000
80945,2020,9,30,0.00000,81.00000,65.00000, 73.00000
80945,2020,10,1,0.00000,85.00000,70.00000, 77.50000
80945,2020,10,2,0.00000,82.00000,72.00000, 77.00000
80945,2020,10,3,0.03000,82.00000,69.00000, 75.50000
80945,2020,10,4,0.90000,78.00000,74.00000, 76.00000
80945,2020,10,5,0.18000,88.00000,75.00000, 81.50000
80945,2020,10,6,0.62000,91.00000,75.00000, 83.00000
80945,2020,10,7,0.00000,91.00000,77.00000, 84.00000
80945,2020,10,8,0.00000,91.00000,76.00000, 83.50000
80945,2020,10,9,0.00000,90.00000,75.00000, 82.50000
80945,2020,10,10,0.57000,90.00000,75.00000, 82.50000
80945,2020,10,11,0.18000,90.00000,77.00000, 83.50000
80945,2020,10,12,0.00000,86.00000,75.00000, 80.50000
80945,2020,10,13,0.00000,87.00000,72.00000, 79.50000
80945,2020,10,14,0.00000,88.00000,71.00000, 79.50000
80945,2020,10,15,0.00000,89.00000,72.00000, 80.50000
80945,2020,10,16,0.00000,87.00000,74.00000, 80.50000
80945,2020,10,17,0.00000,87.00000,73.00000, 80.00000
80945,2020,10,18,0.00000,89.00000,72.00000, 80.50000
80945,2020,10,19,0.04000,86.00000,72.00000, 79.00000
80945,2020,10,20,0.00000,86.00000,75.00000, 80.50000
80945,2020,10,21,0.14000,86.00000,70.00000, 78.00000
80945,2020,10,22,0.00000,87.00000,70.00000, 78.50000
80945,2020,10,23,0.00000,86.00000,73.00000, 79.50000
80945,2020,10,24,0.00000,87.00000,72.00000, 79.50000
80945,2020,10,25,0.00000,89.00000,74.00000, 81.50000
80945,2020,10,26,0.50000,89.00000,75.00000, 82.00000
80945,2020,10,27,0.01000,89.00000,75.00000, 82.00000
80945,2020,10,28,0.00000,90.00000,76.00000, 83.00000
80945,2020,10,29,0.55000,88.00000,76.00000, 82.00000
80945,2020,10,30,0.03000,77.00000,66.00000, 71.50000
80945,2020,10,31,0.00000,83.00000,65.00000, 74.00000
80945,2020,11,1,0.05000,88.00000,65.00000, 76.50000
80945,2020,11,2,0.00000,75.00000,59.00000, 67.00000
80945,2020,11,3,0.00000,78.00000,56.00000, 67.00000
80945,2020,11,4,0.00000,81.00000,60.00000, 70.50000
80945,2020,11,5,0.00000,85.00000,66.00000, 75.50000
80945,2020,11,6,0.00000,85.00000,68.00000, 76.50000
80945,2020,11,7,0.00000,84.00000,73.00000, 78.50000
80945,2020,11,8,0.15000,82.00000,74.00000, 78.00000
80945,2020,11,9,0.26000,82.00000,74.00000, 78.00000
80945,2020,11,10,0.10000,87.00000,75.00000, 81.00000
80945,2020,11,11,5.80000,79.00000,75.00000, 77.00000
80945,2020,11,12,0.45000,83.00000,74.00000, 78.50000
80945,2020,11,13,0.00000,83.00000,70.00000, 76.50000
80945,2020,11,14,0.00000,84.00000,70.00000, 77.00000
80945,2020,11,15,0.00000,86.00000,73.00000, 79.50000
80945,2020,11,16,0.00000,84.00000,70.00000, 77.00000
80945,2020,11,17,0.00000,84.00000,61.00000, 72.50000
80945,2020,11,18,0.00000,77.00000,55.00000, 66.00000
80945,2020,11,19,0.00000,75.00000,57.00000, 66.00000
80945,2020,11,20,0.00000,81.00000,63.00000, 72.00000
80945,2020,11,21,0.05000,76.00000,65.00000, 70.50000
80945,2020,11,22,0.00000,79.00000,65.00000, 72.00000
80945,2020,11,23,0.00000,79.00000,64.00000, 71.50000
80945,2020,11,24,0.00000,80.00000,60.00000, 70.00000
80945,2020,11,25,0.00000,81.00000,61.00000, 71.00000
80945,2020,11,26,0.00000,82.00000,64.00000, 73.00000
80945,2020,11,27,0.00000,83.00000,64.00000, 73.50000
80945,2020,11,28,0.00000,83.00000,64.00000, 73.50000
80945,2020,11,29,0.00000,82.00000,65.00000, 73.50000
80945,2020,11,30,0.13000,76.00000,63.00000, 69.50000
80945,2020,12,1,0.00000,63.00000,45.00000, 54.00000
80945,2020,12,2,0.00000,63.00000,40.00000, 51.50000
80945,2020,12,3,0.00000,73.00000,44.00000, 58.50000
80945,2020,12,4,0.00000,75.00000,61.00000, 68.00000
80945,2020,12,5,0.00000,75.00000,56.00000, 65.50000
80945,2020,12,6,0.06000,71.00000,50.00000, 60.50000
80945,2020,12,7,0.38000,65.00000,43.00000, 54.00000
80945,2020,12,8,0.00000,60.00000,45.00000, 52.50000
80945,2020,12,9,0.00000,62.00000,43.00000, 52.50000
80945,2020,12,10,0.00000,71.00000,46.00000, 58.50000
80945,2020,12,11,0.00000,73.00000,53.00000, 63.00000
80945,2020,12,12,0.00000,77.00000,61.00000, 69.00000
80945,2020,12,13,0.00000,80.00000,59.00000, 69.50000
80945,2020,12,14,0.60000,77.00000,65.00000, 71.00000
80945,2020,12,15,0.00000,72.00000,59.00000, 65.50000
80945,2020,12,16,0.46000,78.00000,59.00000, 68.50000
80945,2020,12,17,0.01000,69.00000,54.00000, 61.50000
80945,2020,12,18,0.00000,60.00000,42.00000, 51.00000
80945,2020,12,19,0.00000,72.00000,46.00000, 59.00000
80945,2020,12,20,0.22000,75.00000,56.00000, 65.50000
80945,2020,12,21,0.04000,69.00000,52.00000, 60.50000
80945,2020,12,22,0.00000,69.00000,50.00000, 59.50000
80945,2020,12,23,0.02000,74.00000,46.00000, 60.00000
80945,2020,12,24,0.05000,79.00000,57.00000, 68.00000
80945,2020,12,25,0.05000,60.00000,47.00000, 53.50000
80945,2020,12,26,0.00000,52.00000,38.00000, 45.00000
80945,2020,12,27,0.00000,69.00000,39.00000, 54.00000
80945,2020,12,28,0.00000,74.00000,49.00000, 61.50000
80945,2020,12,29,0.01000,74.00000,51.00000, 62.50000
80945,2020,12,30,0.00000,77.00000,51.00000, 64.00000
80945,2020,12,31,0.00000,81.00000,67.00000, 74.00000
80945,2021,1,1,0.00000,83.00000,69.00000, 76.00000
80945,2021,1,2,0.00000,80.00000,66.00000, 73.00000
80945,2021,1,3,0.05000,72.00000,60.00000, 66.00000
80945,2021,1,4,0.00000,72.00000,49.00000, 60.50000
80945,2021,1,5,0.00000,68.00000,45.00000, 56.50000
80945,2021,1,6,0.00000,68.00000,44.00000, 56.00000
80945,2021,1,7,0.45000,72.00000,44.00000, 58.00000
80945,2021,1,8,0.02000,70.00000,56.00000, 63.00000
80945,2021,1,9,0.00000,58.00000,48.00000, 53.00000
80945,2021,1,10,0.00000,56.00000,42.00000, 49.00000
80945,2021,1,11,0.00000,74.00000,50.00000, 62.00000
80945,2021,1,12,0.00000,67.00000,54.00000, 60.50000
80945,2021,1,13,0.00000,58.00000,54.00000, 56.00000
80945,2021,1,14,0.00000,64.00000,49.00000, 56.50000
80945,2021,1,15,1.60000,73.00000,48.00000, 60.50000
80945,2021,1,16,0.00000,73.00000,48.00000, 60.50000
80945,2021,1,17,0.00000,64.00000,56.00000, 60.00000
80945,2021,1,18,0.00000,66.00000,48.00000, 57.00000
80945,2021,1,19,0.00000,69.00000,43.00000, 56.00000
80945,2021,1,20,0.00000,71.00000,43.00000, 57.00000
80945,2021,1,21,0.00000,73.00000,48.00000, 60.50000
80945,2021,1,22,0.00000,74.00000,48.00000, 61.00000
80945,2021,1,23,0.00000,78.00000,59.00000, 68.50000
80945,2021,1,24,0.00000,77.00000,60.00000, 68.50000
80945,2021,1,25,0.00000,81.00000,60.00000, 70.50000
80945,2021,1,26,0.00000,81.00000,60.00000, 70.50000
80945,2021,1,27,0.20000,79.00000,65.00000, 72.00000
80945,2021,1,28,0.00000,79.00000,52.00000, 65.50000
80945,2021,1,29,0.00000,67.00000,44.00000, 55.50000
80945,2021,1,30,0.00000,72.00000,47.00000, 59.50000
80945,2021,1,31,0.00000,77.00000,55.00000, 66.00000
80945,2021,2,1,0.96000,69.00000,51.00000, 60.00000
80945,2021,2,2,0.00000,53.00000,49.00000, 51.00000
80945,2021,2,3,0.00000,58.00000,43.00000, 50.50000
80945,2021,2,4,0.00000,67.00000,40.00000, 53.50000
80945,2021,2,5,0.00000,76.00000,40.00000, 58.00000
80945,2021,2,6,0.00000,80.00000,59.00000, 69.50000
80945,2021,2,7,0.00000,75.00000,61.00000, 68.00000
80945,2021,2,8,0.00000,78.00000,58.00000, 68.00000
80945,2021,2,9,0.00000,85.00000,58.00000, 71.50000
80945,2021,2,10,0.00000,83.00000,66.00000, 74.50000
80945,2021,2,11,0.00000,83.00000,64.00000, 73.50000
80945,2021,2,12,0.00000,83.00000,65.00000, 74.00000
80945,2021,2,13,0.19000,81.00000,69.00000, 75.00000
80945,2021,2,14,0.74000,82.00000,70.00000, 76.00000
80945,2021,2,15,0.01000,84.00000,70.00000, 77.00000
80945,2021,2,16,0.00000,75.00000,59.00000, 67.00000
80945,2021,2,17,0.02000,75.00000,59.00000, 67.00000
80945,2021,2,18,0.00000,84.00000,61.00000, 72.50000
80945,2021,2,19,0.00000,84.00000,58.00000, 71.00000
80945,2021,2,20,0.00000,67.00000,49.00000, 58.00000
80945,2021,2,21,0.00000,77.00000,51.00000, 64.00000
80945,2021,2,22,0.10000,83.00000,59.00000, 71.00000
80945,2021,2,23,0.00000,83.00000,59.00000, 71.00000
80945,2021,2,24,0.00000,83.00000,53.00000, 68.00000
80945,2021,2,25,0.00000,83.00000,52.00000, 67.50000
80945,2021,2,26,0.00000,85.00000,59.00000, 72.00000
80945,2021,2,27,0.00000,88.00000,66.00000, 77.00000
80945,2021,2,28,0.00000,87.00000,68.00000, 77.50000
80945,2021,3,1,0.00000,85.00000,68.00000, 76.50000
80945,2021,3,2,0.00000,84.00000,69.00000, 76.50000
80945,2021,3,3,0.11000,75.00000,60.00000, 67.50000
80945,2021,3,4,0.00000,71.00000,59.00000, 65.00000
80945,2021,3,5,0.00000,77.00000,52.00000, 64.50000
80945,2021,3,6,0.22000,67.00000,56.00000, 61.50000
80945,2021,3,7,0.00000,70.00000,53.00000, 61.50000
80945,2021,3,8,0.00000,71.00000,47.00000, 59.00000
80945,2021,3,9,0.00000,77.00000,53.00000, 65.00000
80945,2021,3,10,0.00000,79.00000,57.00000, 68.00000
80945,2021,3,11,0.00000,81.00000,59.00000, 70.00000
80945,2021,3,12,0.00000,81.00000,56.00000, 68.50000
80945,2021,3,13,0.00000,82.00000,58.00000, 70.00000
80945,2021,3,14,0.00000,82.00000,60.00000, 71.00000
80945,2021,3,15,0.00000,84.00000,60.00000, 72.00000
80945,2021,3,16,0.00000,84.00000,65.00000, 74.50000
80945,2021,3,17,0.00000,85.00000,64.00000, 74.50000
80945,2021,3,18,0.99000,85.00000,64.00000, 74.50000
80945,2021,3,19,0.00000,70.00000,60.00000, 65.00000
80945,2021,3,20,0.00000,70.00000,57.00000, 63.50000
80945,2021,3,21,0.00000,64.00000,53.00000, 58.50000
80945,2021,3,22,0.02000,68.00000,60.00000, 64.00000
80945,2021,3,23,0.00000,76.00000,60.00000, 68.00000
80945,2021,3,24,0.00000,81.00000,57.00000, 69.00000
80945,2021,3,25,0.00000,89.00000,65.00000, 77.00000
80945,2021,3,26,0.00000,89.00000,68.00000, 78.50000
80945,2021,3,27,0.00000,88.00000,68.00000, 78.00000
80945,2021,3,28,0.00000,87.00000,68.00000, 77.50000
80945,2021,3,29,0.00000,87.00000,68.00000, 77.50000
80945,2021,3,30,0.01000,88.00000,72.00000, 80.00000
80945,2021,3,31,0.62000,86.00000,69.00000, 77.50000
80945,2021,4,1,0.20000,79.00000,61.00000, 70.00000
80945,2021,4,2,0.00000,79.00000,49.00000, 64.00000
80945,2021,4,3,0.00000,74.00000,48.00000, 61.00000
80945,2021,4,4,0.00000,75.00000,55.00000, 65.00000
80945,2021,4,5,0.00000,79.00000,56.00000, 67.50000
80945,2021,4,6,0.00000,81.00000,58.00000, 69.50000
80945,2021,4,7,0.00000,82.00000,56.00000, 69.00000
80945,2021,4,8,0.00000,83.00000,58.00000, 70.50000
80945,2021,4,9,0.00000,85.00000,63.00000, 74.00000
80945,2021,4,10,0.28000,86.00000,63.00000, 74.50000
80945,2021,4,11,2.02000,81.00000,65.00000, 73.00000
80945,2021,4,12,0.00000,82.00000,68.00000, 75.00000
80945,2021,4,13,0.00000,88.00000,62.00000, 75.00000
80945,2021,4,14,0.00000,87.00000,67.00000, 77.00000
80945,2021,4,15,0.00000,84.00000,68.00000, 76.00000
80945,2021,4,16,0.00000,84.00000,68.00000, 76.00000
80945,2021,4,17,0.00000,85.00000,72.00000, 78.50000
80945,2021,4,18,0.00000,86.00000,74.00000, 80.00000
80945,2021,4,19,0.82000,79.00000,71.00000, 75.00000
80945,2021,4,20,0.62000,82.00000,71.00000, 76.50000
80945,2021,4,21,0.00000,82.00000,68.00000, 75.00000
80945,2021,4,22,0.00000,82.00000,63.00000, 72.50000
80945,2021,4,23,0.00000,86.00000,61.00000, 73.50000
80945,2021,4,24,0.00000,87.00000,61.00000, 74.00000
80945,2021,4,25,0.00000,86.00000,72.00000, 79.00000
80945,2021,4,26,0.00000,87.00000,65.00000, 76.00000
80945,2021,4,27,0.00000,86.00000,67.00000, 76.50000
80945,2021,4,28,0.00000,87.00000,67.00000, 77.00000
80945,2021,4,29,0.00000,90.00000,61.00000, 75.50000
80945,2021,4,30,0.00000,89.00000,70.00000, 79.50000
80945,2021,5,1,0.00000,88.00000,70.00000, 79.00000
80945,2021,5,2,0.00000,89.00000,72.00000, 80.50000
80945,2021,5,3,0.00000,93.00000,74.00000, 83.50000
80945,2021,5,4,0.00000,94.00000,74.00000, 84.00000
80945,2021,5,5,0.00000,92.00000,75.00000, 83.50000
80945,2021,5,6,0.00000,91.00000,77.00000, 84.00000
80945,2021,5,7,0.00000,84.00000,70.00000, 77.00000
80945,2021,5,8,0.00000,87.00000,63.00000, 75.00000
80945,2021,5,9,0.00000,93.00000,67.00000, 80.00000
80945,2021,5,10,0.00000,93.00000,72.00000, 82.50000
80945,2021,5,11,0.00000,94.00000,72.00000, 83.00000
80945,2021,5,12,0.00000,91.00000,75.00000, 83.00000
80945,2021,5,13,0.05000,85.00000,73.00000, 79.00000
80945,2021,5,14,0.00000,87.00000,66.00000, 76.50000
80945,2021,5,15,0.00000,87.00000,66.00000, 76.50000
80945,2021,5,16,0.00000,87.00000,65.00000, 76.00000
80945,2021,5,17,0.00000,88.00000,66.00000, 77.00000
80945,2021,5,18,0.00000,90.00000,66.00000, 78.00000
80945,2021,5,19,0.00000,89.00000,67.00000, 78.00000
80945,2021,5,20,0.00000,88.00000,71.00000, 79.50000
80945,2021,5,21,0.00000,88.00000,68.00000, 78.00000
80945,2021,5,22,0.00000,88.00000,66.00000, 77.00000
80945,2021,5,23,0.00000,90.00000,66.00000, 78.00000
80945,2021,5,24,0.00000,91.00000,65.00000, 78.00000
80945,2021,5,25,0.00000,91.00000,65.00000, 78.00000
80945,2021,5,26,0.00000,91.00000,68.00000, 79.50000
80945,2021,5,27,0.00000,91.00000,69.00000, 80.00000
80945,2021,5,28,0.00000,91.00000,71.00000, 81.00000
80945,2021,5,29,0.00000,91.00000,73.00000, 82.00000
80945,2021,5,30,0.44000,91.00000,71.00000, 81.00000
80945,2021,5,31,0.00000,92.00000,68.00000, 80.00000
80945,2021,6,1,0.00000,92.00000,71.00000, 81.50000
80945,2021,6,2,0.10000,91.00000,71.00000, 81.00000
80945,2021,6,3,0.05000,90.00000,73.00000, 81.50000
80945,2021,6,4,1.70000,90.00000,73.00000, 81.50000
80945,2021,6,5,0.01000,91.00000,74.00000, 82.50000
80945,2021,6,6,0.17000,94.00000,74.00000, 84.00000
80945,2021,6,7,0.01000,93.00000,75.00000, 84.00000
80945,2021,6,8,0.00000,92.00000,75.00000, 83.50000
80945,2021,6,9,0.00000,93.00000,71.00000, 82.00000
80945,2021,6,10,0.00000,94.00000,71.00000, 82.50000
80945,2021,6,11,0.00000,93.00000,77.00000, 85.00000
80945,2021,6,12,0.00000,93.00000,77.00000, 85.00000
80945,2021,6,13,0.00000,92.00000,78.00000, 85.00000
80945,2021,6,14,0.03000,91.00000,78.00000, 84.50000
80945,2021,6,15,0.51000,90.00000,74.00000, 82.00000
80945,2021,6,16,0.00000,87.00000,74.00000, 80.50000
80945,2021,6,17,0.09000,86.00000,72.00000, 79.00000
80945,2021,6,18,0.00000,88.00000,75.00000, 81.50000
80945,2021,6,19,0.00000,93.00000,78.00000, 85.50000
80945,2021,6,20,0.00000,94.00000,80.00000, 87.00000
80945,2021,6,21,0.00000,95.00000,79.00000, 87.00000
80945,2021,6,22,0.00000,95.00000,76.00000, 85.50000
80945,2021,6,23,0.53000,84.00000,71.00000, 77.50000
80945,2021,6,24,0.77000,92.00000,72.00000, 82.00000
80945,2021,6,25,0.01000,89.00000,73.00000, 81.00000
80945,2021,6,26,0.11000,95.00000,75.00000, 85.00000
80945,2021,6,27,0.05000,92.00000,77.00000, 84.50000
80945,2021,6,28,0.72000,91.00000,75.00000, 83.00000
80945,2021,6,29,4.20000,91.00000,72.00000, 81.50000
80945,2021,6,30,-99.99000,-99.90000,-99.90000, -99.90000
80945,2021,7,1,0.00000,88.00000,75.00000, 81.50000
80945,2021,7,2,1.00000,87.00000,75.00000, 81.00000
80945,2021,7,3,0.74000,90.00000,73.00000, 81.50000
80945,2021,7,4,0.00000,92.00000,76.00000, 84.00000
80945,2021,7,5,0.60000,95.00000,77.00000, 86.00000
80945,2021,7,6,2.00000,95.00000,74.00000, 84.50000
80945,2021,7,7,0.40000,88.00000,74.00000, 81.00000
80945,2021,7,8,0.58000,92.00000,77.00000, 84.50000
80945,2021,7,9,0.56000,95.00000,76.00000, 85.50000
80945,2021,7,10,0.84000,93.00000,76.00000, 84.50000
80945,2021,7,11,0.05000,91.00000,75.00000, 83.00000
80945,2021,7,12,0.00000,90.00000,76.00000, 83.00000
80945,2021,7,13,0.00000,92.00000,75.00000, 83.50000
80945,2021,7,14,0.00000,90.00000,76.00000, 83.00000
80945,2021,7,15,0.00000,93.00000,77.00000, 85.00000
80945,2021,7,16,0.10000,93.00000,76.00000, 84.50000
80945,2021,7,17,0.00000,92.00000,76.00000, 84.00000
80945,2021,7,18,0.02000,94.00000,77.00000, 85.50000
80945,2021,7,19,0.04000,94.00000,77.00000, 85.50000
80945,2021,7,20,0.00000,94.00000,76.00000, 85.00000
80945,2021,7,21,0.00000,93.00000,79.00000, 86.00000
80945,2021,7,22,0.00000,95.00000,78.00000, 86.50000
80945,2021,7,23,0.13000,93.00000,80.00000, 86.50000
80945,2021,7,24,0.20000,94.00000,77.00000, 85.50000
80945,2021,7,25,0.00000,93.00000,78.00000, 85.50000
80945,2021,7,26,0.05000,91.00000,78.00000, 84.50000
80945,2021,7,27,0.20000,93.00000,77.00000, 85.00000
80945,2021,7,28,0.36000,89.00000,77.00000, 83.00000
80945,2021,7,29,1.49000,91.00000,76.00000, 83.50000
80945,2021,7,30,0.02000,92.00000,78.00000, 85.00000
80945,2021,7,31,0.00000,94.00000,79.00000, 86.50000
80945,2021,8,1,0.00000,94.00000,80.00000, 87.00000
80945,2021,8,2,0.73000,93.00000,78.00000, 85.50000
80945,2021,8,3,0.95000,93.00000,74.00000, 83.50000
80945,2021,8,4,2.13000,93.00000,74.00000, 83.50000
80945,2021,8,5,0.36000,86.00000,77.00000, 81.50000
80945,2021,8,6,0.00000,94.00000,76.00000, 85.00000
80945,2021,8,7,0.00000,93.00000,77.00000, 85.00000
80945,2021,8,8,0.00000,93.00000,78.00000, 85.50000
80945,2021,8,9,0.63000,94.00000,75.00000, 84.50000
80945,2021,8,10,0.96000,93.00000,75.00000, 84.00000
80945,2021,8,11,0.00000,93.00000,77.00000, 85.00000
80945,2021,8,12,0.74000,92.00000,74.00000, 83.00000
80945,2021,8,13,0.16000,92.00000,76.00000, 84.00000
80945,2021,8,14,0.05000,88.00000,75.00000, 81.50000
80945,2021,8,15,0.65000,83.00000,74.00000, 78.50000
80945,2021,8,16,0.29000,90.00000,74.00000, 82.00000
80945,2021,8,17,0.01000,94.00000,79.00000, 86.50000
80945,2021,8,18,0.00000,94.00000,78.00000, 86.00000
80945,2021,8,19,0.00000,94.00000,78.00000, 86.00000
80945,2021,8,20,1.54000,92.00000,75.00000, 83.50000
80945,2021,8,21,0.00000,95.00000,76.00000, 85.50000
80945,2021,8,22,0.00000,93.00000,77.00000, 85.00000
80945,2021,8,23,0.00000,90.00000,78.00000, 84.00000
80945,2021,8,24,0.00000,91.00000,77.00000, 84.00000
80945,2021,8,25,0.00000,93.00000,78.00000, 85.50000
80945,2021,8,26,0.00000,89.00000,75.00000, 82.00000
80945,2021,8,27,0.68000,90.00000,77.00000, 83.50000
80945,2021,8,28,0.18000,91.00000,76.00000, 83.50000
80945,2021,8,29,1.50000,93.00000,74.00000, 83.50000
80945,2021,8,30,0.00000,91.00000,76.00000, 83.50000
80945,2021,8,31,0.00000,93.00000,77.00000, 85.00000
80945,2021,9,1,0.50000,89.00000,74.00000, 81.50000
80945,2021,9,2,1.83000,87.00000,74.00000, 80.50000
80945,2021,9,3,0.00000,92.00000,77.00000, 84.50000
80945,2021,9,4,0.02000,90.00000,76.00000, 83.00000
80945,2021,9,5,0.00000,93.00000,75.00000, 84.00000
80945,2021,9,6,0.12000,92.00000,78.00000, 85.00000
80945,2021,9,7,0.08000,90.00000,77.00000, 83.50000
80945,2021,9,8,0.13000,91.00000,77.00000, 84.00000
80945,2021,9,9,0.05000,90.00000,77.00000, 83.50000
80945,2021,9,10,0.00000,92.00000,76.00000, 84.00000
80945,2021,9,11,0.01000,86.00000,76.00000, 81.00000
80945,2021,9,12,0.03000,92.00000,76.00000, 84.00000
80945,2021,9,13,0.79000,93.00000,76.00000, 84.50000
80945,2021,9,14,1.43000,91.00000,71.00000, 81.00000
80945,2021,9,15,0.58000,89.00000,72.00000, 80.50000
80945,2021,9,16,0.32000,84.00000,76.00000, 80.00000
80945,2021,9,17,0.18000,83.00000,76.00000, 79.50000
80945,2021,9,18,0.06000,84.00000,76.00000, 80.00000
80945,2021,9,19,0.00000,88.00000,76.00000, 82.00000
80945,2021,9,20,0.16000,89.00000,76.00000, 82.50000
80945,2021,9,21,0.06000,90.00000,74.00000, 82.00000
80945,2021,9,22,0.00000,90.00000,74.00000, 82.00000
80945,2021,9,23,0.00000,90.00000,77.00000, 83.50000
80945,2021,9,24,0.00000,90.00000,76.00000, 83.00000
80945,2021,9,25,0.00000,92.00000,75.00000, 83.50000
80945,2021,9,26,0.00000,92.00000,75.00000, 83.50000
80945,2021,9,27,0.00000,88.00000,73.00000, 80.50000
80945,2021,9,28,0.00000,87.00000,69.00000, 78.00000
80945,2021,9,29,0.00000,87.00000,68.00000, 77.50000
80945,2021,9,30,0.00000,90.00000,73.00000, 81.50000
80945,2021,10,1,0.00000,89.00000,73.00000, 81.00000
80945,2021,10,2,0.00000,90.00000,73.00000, 81.50000
80945,2021,10,3,0.00000,88.00000,71.00000, 79.50000
80945,2021,10,4,0.00000,88.00000,70.00000, 79.00000
80945,2021,10,5,0.00000,90.00000,72.00000, 81.00000
80945,2021,10,6,0.00000,91.00000,72.00000, 81.50000
80945,2021,10,7,0.10000,93.00000,76.00000, 84.50000
80945,2021,10,8,0.11000,90.00000,77.00000, 83.50000
80945,2021,10,9,0.16000,87.00000,75.00000, 81.00000
80945,2021,10,10,0.00000,87.00000,70.00000, 78.50000
80945,2021,10,11,0.00000,87.00000,71.00000, 79.00000
80945,2021,10,12,0.00000,89.00000,73.00000, 81.00000
80945,2021,10,13,0.00000,89.00000,73.00000, 81.00000
80945,2021,10,14,0.00000,89.00000,74.00000, 81.50000
80945,2021,10,15,0.00000,89.00000,74.00000, 81.50000
80945,2021,10,16,0.00000,88.00000,72.00000, 80.00000
80945,2021,10,17,0.00000,84.00000,71.00000, 77.50000
80945,2021,10,18,0.00000,84.00000,65.00000, 74.50000
80945,2021,10,19,0.00000,84.00000,66.00000, 75.00000
80945,2021,10,20,0.00000,86.00000,66.00000, 76.00000
80945,2021,10,21,0.00000,86.00000,67.00000, 76.50000
80945,2021,10,22,0.00000,88.00000,70.00000, 79.00000
80945,2021,10,23,0.00000,88.00000,70.00000, 79.00000
80945,2021,10,24,0.05000,82.00000,74.00000, 78.00000
80945,2021,10,25,0.05000,86.00000,75.00000, 80.50000
80945,2021,10,26,0.01000,86.00000,71.00000, 78.50000
80945,2021,10,27,0.00000,84.00000,66.00000, 75.00000
80945,2021,10,28,0.67000,85.00000,66.00000, 75.50000
80945,2021,10,29,0.02000,83.00000,71.00000, 77.00000
80945,2021,10,30,0.16000,74.00000,63.00000, 68.50000
80945,2021,10,31,0.04000,74.00000,63.00000, 68.50000
80945,2021,11,1,0.02000,72.00000,60.00000, 66.00000
80945,2021,11,2,0.00000,83.00000,63.00000, 73.00000
80945,2021,11,3,0.00000,83.00000,67.00000, 75.00000
80945,2021,11,4,0.06000,78.00000,67.00000, 72.50000
80945,2021,11,5,2.10000,74.00000,67.00000, 70.50000
80945,2021,11,6,0.06000,67.00000,61.00000, 64.00000
80945,2021,11,7,0.00000,70.00000,54.00000, 62.00000
80945,2021,11,8,0.00000,73.00000,55.00000, 64.00000
80945,2021,11,9,0.00000,78.00000,56.00000, 67.00000
80945,2021,11,10,0.00000,81.00000,62.00000, 71.50000
80945,2021,11,11,0.04000,81.00000,65.00000, 73.00000
80945,2021,11,12,0.00000,72.00000,67.00000, 69.50000
80945,2021,11,13,0.02000,80.00000,61.00000, 70.50000
80945,2021,11,14,0.00000,67.00000,53.00000, 60.00000
80945,2021,11,15,0.00000,73.00000,54.00000, 63.50000
80945,2021,11,16,0.00000,78.00000,50.00000, 64.00000
80945,2021,11,17,0.00000,80.00000,57.00000, 68.50000
80945,2021,11,18,0.03000,75.00000,67.00000, 71.00000
80945,2021,11,19,0.00000,82.00000,68.00000, 75.00000
80945,2021,11,20,0.00000,79.00000,65.00000, 72.00000
80945,2021,11,21,0.05000,80.00000,68.00000, 74.00000
80945,2021,11,22,0.00000,75.00000,66.00000, 70.50000
80945,2021,11,23,0.00000,67.00000,50.00000, 58.50000
80945,2021,11,24,0.00000,73.00000,48.00000, 60.50000
80945,2021,11,25,0.00000,77.00000,48.00000, 62.50000
80945,2021,11,26,0.00000,77.00000,55.00000, 66.00000
80945,2021,11,27,0.00000,67.00000,51.00000, 59.00000
80945,2021,11,28,0.00000,69.00000,49.00000, 59.00000
80945,2021,11,29,0.00000,69.00000,53.00000, 61.00000
80945,2021,11,30,0.00000,70.00000,49.00000, 59.50000
80945,2021,12,1,0.00000,77.00000,49.00000, 63.00000
80945,2021,12,2,0.00000,73.00000,55.00000, 64.00000
80945,2021,12,3,0.00000,74.00000,51.00000, 62.50000
80945,2021,12,4,0.00000,76.00000,51.00000, 63.50000
80945,2021,12,5,0.00000,80.00000,57.00000, 68.50000
80945,2021,12,6,0.00000,81.00000,60.00000, 70.50000
80945,2021,12,7,0.00000,81.00000,63.00000, 72.00000
80945,2021,12,8,0.07000,81.00000,60.00000, 70.50000
80945,2021,12,9,0.02000,82.00000,67.00000, 74.50000
80945,2021,12,10,0.00000,83.00000,66.00000, 74.50000
80945,2021,12,11,0.00000,84.00000,67.00000, 75.50000
80945,2021,12,12,0.00000,84.00000,65.00000, 74.50000
80945,2021,12,13,0.00000,82.00000,68.00000, 75.00000
80945,2021,12,14,0.00000,78.00000,67.00000, 72.50000
80945,2021,12,15,0.00000,82.00000,66.00000, 74.00000
80945,2021,12,16,0.00000,83.00000,67.00000, 75.00000
80945,2021,12,17,0.00000,83.00000,67.00000, 75.00000
80945,2021,12,18,0.00000,84.00000,68.00000, 76.00000
80945,2021,12,19,0.00000,82.00000,69.00000, 75.50000
80945,2021,12,20,0.00000,76.00000,66.00000, 71.00000
80945,2021,12,21,1.50000,72.00000,63.00000, 67.50000
80945,2021,12,22,0.00000,72.00000,52.00000, 62.00000
80945,2021,12,23,0.00000,66.00000,49.00000, 57.50000
80945,2021,12,24,0.00000,75.00000,49.00000, 62.00000
80945,2021,12,25,0.00000,78.00000,52.00000, 65.00000
80945,2021,12,26,0.00000,77.00000,56.00000, 66.50000
80945,2021,12,27,0.00000,79.00000,55.00000, 67.00000
80945,2021,12,28,0.00000,80.00000,58.00000, 69.00000
80945,2021,12,29,0.00000,82.00000,66.00000, 74.00000
80945,2021,12,30,0.00000,80.00000,64.00000, 72.00000
80945,2021,12,31,0.02000,84.00000,69.00000, 76.50000
80945,2022,1,1,0.00000,82.00000,68.00000, 75.00000
80945,2022,1,2,0.00000,81.00000,69.00000, 75.00000
80945,2022,1,3,0.10000,75.00000,53.00000, 64.00000
80945,2022,1,4,0.00000,74.00000,48.00000, 61.00000
80945,2022,1,5,0.00000,75.00000,59.00000, 67.00000
80945,2022,1,6,0.00000,75.00000,54.00000, 64.50000
80945,2022,1,7,0.00000,77.00000,62.00000, 69.50000
80945,2022,1,8,0.00000,80.00000,58.00000, 69.00000
80945,2022,1,9,0.00000,82.00000,64.00000, 73.00000
80945,2022,1,10,0.00000,81.00000,63.00000, 72.00000
80945,2022,1,11,0.00000,71.00000,54.00000, 62.50000
80945,2022,1,12,0.00000,74.00000,53.00000, 63.50000
80945,2022,1,13,0.00000,70.00000,55.00000, 62.50000
80945,2022,1,14,0.00000,69.00000,52.00000, 60.50000
80945,2022,1,15,0.00000,75.00000,50.00000, 62.50000
80945,2022,1,16,0.10000,72.00000,61.00000, 66.50000
80945,2022,1,17,0.00000,65.00000,56.00000, 60.50000
80945,2022,1,18,0.00000,62.00000,44.00000, 53.00000
80945,2022,1,19,0.00000,72.00000,41.00000, 56.50000
80945,2022,1,20,0.00000,79.00000,50.00000, 64.50000
80945,2022,1,21,0.00000,80.00000,50.00000, 65.00000
80945,2022,1,22,0.01000,65.00000,50.00000, 57.50000
80945,2022,1,23,0.00000,53.00000,42.00000, 47.50000
80945,2022,1,24,0.00000,61.00000,39.00000, 50.00000
80945,2022,1,25,0.35000,58.00000,50.00000, 54.00000
80945,2022,1,26,0.01000,62.00000,51.00000, 56.50000
80945,2022,1,27,0.00000,73.00000,58.00000, 65.50000
80945,2022,1,28,0.00000,67.00000,57.00000, 62.00000
80945,2022,1,29,0.00000,67.00000,41.00000, 54.00000
80945,2022,1,30,0.00000,55.00000,36.00000, 45.50000
80945,2022,1,31,0.00000,67.00000,35.00000, 51.00000
80945,2022,2,1,0.00000,74.00000,41.00000, 57.50000
80945,2022,2,2,0.00000,80.00000,53.00000, 66.50000
80945,2022,2,3,0.00000,82.00000,62.00000, 72.00000
80945,2022,2,4,0.00000,83.00000,62.00000, 72.50000
80945,2022,2,5,0.00000,83.00000,57.00000, 70.00000
80945,2022,2,6,0.00000,64.00000,54.00000, 59.00000
80945,2022,2,7,0.00000,68.00000,54.00000, 61.00000
80945,2022,2,8,0.46000,56.00000,52.00000, 54.00000
80945,2022,2,9,0.07000,64.00000,49.00000, 56.50000
80945,2022,2,10,0.00000,68.00000,42.00000, 55.00000
80945,2022,2,11,0.00000,77.00000,49.00000, 63.00000
80945,2022,2,12,0.00000,83.00000,51.00000, 67.00000
80945,2022,2,13,0.24000,71.00000,57.00000, 64.00000
80945,2022,2,14,0.00000,62.00000,46.00000, 54.00000
80945,2022,2,15,0.00000,75.00000,42.00000, 58.50000
80945,2022,2,16,0.00000,81.00000,58.00000, 69.50000
80945,2022,2,17,0.00000,84.00000,64.00000, 74.00000
80945,2022,2,18,0.00000,82.00000,65.00000, 73.50000
80945,2022,2,19,0.00000,75.00000,59.00000, 67.00000
80945,2022,2,20,0.00000,80.00000,50.00000, 65.00000
80945,2022,2,21,0.00000,83.00000,60.00000, 71.50000
80945,2022,2,22,0.00000,83.00000,62.00000, 72.50000
80945,2022,2,23,0.00000,85.00000,65.00000, 75.00000
80945,2022,2,24,0.00000,85.00000,64.00000, 74.50000
80945,2022,2,25,0.00000,84.00000,62.00000, 73.00000
80945,2022,2,26,0.00000,85.00000,64.00000, 74.50000
80945,2022,2,27,0.00000,83.00000,63.00000, 73.00000
80945,2022,2,28,0.00000,78.00000,61.00000, 69.50000
80945,2022,3,1,0.00000,72.00000,59.00000, 65.50000
80945,2022,3,2,0.00000,76.00000,53.00000, 64.50000
80945,2022,3,3,0.00000,82.00000,57.00000, 69.50000
80945,2022,3,4,0.00000,85.00000,62.00000, 73.50000
80945,2022,3,5,0.00000,86.00000,61.00000, 73.50000
80945,2022,3,6,0.00000,87.00000,65.00000, 76.00000
80945,2022,3,7,0.00000,87.00000,62.00000, 74.50000
80945,2022,3,8,0.00000,87.00000,66.00000, 76.50000
80945,2022,3,9,0.00000,86.00000,71.00000, 78.50000
80945,2022,3,10,0.09000,84.00000,70.00000, 77.00000
80945,2022,3,11,0.01000,87.00000,69.00000, 78.00000
80945,2022,3,12,0.46000,77.00000,50.00000, 63.50000
80945,2022,3,13,0.00000,69.00000,40.00000, 54.50000
80945,2022,3,14,0.00000,81.00000,52.00000, 66.50000
80945,2022,3,15,1.00000,84.00000,52.00000, 68.00000
80945,2022,3,16,0.75000,81.00000,65.00000, 73.00000
80945,2022,3,17,0.01000,81.00000,61.00000, 71.00000
80945,2022,3,18,0.00000,89.00000,62.00000, 75.50000
80945,2022,3,19,0.00000,89.00000,62.00000, 75.50000
80945,2022,3,20,0.00000,81.00000,65.00000, 73.00000
80945,2022,3,21,0.00000,84.00000,56.00000, 70.00000
80945,2022,3,22,0.00000,86.00000,63.00000, 74.50000
80945,2022,3,23,0.00000,86.00000,69.00000, 77.50000
80945,2022,3,24,0.22000,86.00000,66.00000, 76.00000
80945,2022,3,25,0.00000,75.00000,60.00000, 67.50000
80945,2022,3,26,0.00000,75.00000,56.00000, 65.50000
80945,2022,3,27,0.00000,78.00000,59.00000, 68.50000
80945,2022,3,28,0.00000,79.00000,58.00000, 68.50000
80945,2022,3,29,0.00000,82.00000,58.00000, 70.00000
80945,2022,3,30,0.00000,87.00000,62.00000, 74.50000
80945,2022,3,31,0.00000,85.00000,69.00000, 77.00000
80945,2022,4,1,0.30000,83.00000,73.00000, 78.00000
80945,2022,4,2,0.31000,87.00000,66.00000, 76.50000
80945,2022,4,3,0.02000,87.00000,65.00000, 76.00000
80945,2022,4,4,0.00000,86.00000,64.00000, 75.00000
80945,2022,4,5,0.00000,89.00000,67.00000, 78.00000
80945,2022,4,6,0.00000,89.00000,74.00000, 81.50000
80945,2022,4,7,0.70000,84.00000,68.00000, 76.00000
80945,2022,4,8,0.00000,72.00000,65.00000, 68.50000
80945,2022,4,9,0.00000,74.00000,59.00000, 66.50000
80945,2022,4,10,0.00000,76.00000,51.00000, 63.50000
80945,2022,4,11,0.00000,83.00000,57.00000, 70.00000
80945,2022,4,12,0.00000,86.00000,60.00000, 73.00000
80945,2022,4,13,0.00000,86.00000,65.00000, 75.50000
80945,2022,4,14,0.01000,85.00000,70.00000, 77.50000
80945,2022,4,15,0.00000,88.00000,70.00000, 79.00000
80945,2022,4,16,0.00000,88.00000,68.00000, 78.00000
80945,2022,4,17,0.00000,90.00000,70.00000, 80.00000
80945,2022,4,18,0.00000,87.00000,68.00000, 77.50000
80945,2022,4,19,0.00000,84.00000,66.00000, 75.00000
80945,2022,4,20,0.00000,85.00000,58.00000, 71.50000
80945,2022,4,21,0.00000,85.00000,63.00000, 74.00000
80945,2022,4,22,0.00000,86.00000,63.00000, 74.50000
80945,2022,4,23,0.00000,87.00000,63.00000, 75.00000
80945,2022,4,24,0.00000,88.00000,65.00000, 76.50000
80945,2022,4,25,0.00000,88.00000,68.00000, 78.00000
80945,2022,4,26,0.00000,88.00000,68.00000, 78.00000
80945,2022,4,27,0.00000,89.00000,68.00000, 78.50000
80945,2022,4,28,0.00000,90.00000,67.00000, 78.50000
80945,2022,4,29,0.13000,87.00000,68.00000, 77.50000
80945,2022,4,30,1.19000,88.00000,64.00000, 76.00000
80945,2022,5,1,0.00000,88.00000,68.00000, 78.00000
80945,2022,5,2,0.05000,87.00000,66.00000, 76.50000
80945,2022,5,3,0.90000,88.00000,68.00000, 78.00000
80945,2022,5,4,0.45000,88.00000,70.00000, 79.00000
80945,2022,5,5,0.00000,91.00000,72.00000, 81.50000
80945,2022,5,6,0.00000,89.00000,71.00000, 80.00000
80945,2022,5,7,1.63000,83.00000,69.00000, 76.00000
80945,2022,5,8,0.00000,88.00000,74.00000, 81.00000
80945,2022,5,9,0.00000,88.00000,70.00000, 79.00000
80945,2022,5,10,0.00000,85.00000,63.00000, 74.00000
80945,2022,5,11,0.00000,84.00000,65.00000, 74.50000
80945,2022,5,12,0.00000,84.00000,63.00000, 73.50000
80945,2022,5,13,0.00000,86.00000,73.00000, 79.50000
80945,2022,5,14,0.00000,88.00000,67.00000, 77.50000
80945,2022,5,15,0.00000,91.00000,72.00000, 81.50000
80945,2022,5,16,0.00000,87.00000,70.00000, 78.50000
80945,2022,5,17,0.00000,89.00000,70.00000, 79.50000
80945,2022,5,18,0.00000,92.00000,73.00000, 82.50000
80945,2022,5,19,0.00000,92.00000,73.00000, 82.50000
80945,2022,5,20,0.03000,88.00000,73.00000, 80.50000
80945,2022,5,21,0.11000,90.00000,72.00000, 81.00000
80945,2022,5,22,0.00000,93.00000,72.00000, 82.50000
80945,2022,5,23,0.07000,91.00000,75.00000, 83.00000
80945,2022,5,24,0.10000,92.00000,75.00000, 83.50000
80945,2022,5,25,0.77000,91.00000,73.00000, 82.00000
80945,2022,5,26,0.00000,91.00000,75.00000, 83.00000
80945,2022,5,27,0.00000,91.00000,76.00000, 83.50000
80945,2022,5,28,0.34000,90.00000,73.00000, 81.50000
80945,2022,5,29,0.00000,93.00000,68.00000, 80.50000
80945,2022,5,30,0.13000,93.00000,68.00000, 80.50000
80945,2022,5,31,1.05000,93.00000,71.00000, 82.00000
80945,2022,6,1,0.00000,87.00000,71.00000, 79.00000
80945,2022,6,2,1.32000,89.00000,71.00000, 80.00000
80945,2022,6,3,0.05000,89.00000,73.00000, 81.00000
80945,2022,6,4,0.11000,85.00000,73.00000, 79.00000
80945,2022,6,5,0.00000,90.00000,72.00000, 81.00000
80945,2022,6,6,0.00000,92.00000,73.00000, 82.50000
80945,2022,6,7,0.00000,94.00000,74.00000, 84.00000
80945,2022,6,8,0.00000,93.00000,77.00000, 85.00000
80945,2022,6,9,0.00000,91.00000,79.00000, 85.00000
80945,2022,6,10,0.00000,90.00000,76.00000, 83.00000
80945,2022,6,11,0.52000,89.00000,72.00000, 80.50000
80945,2022,6,12,0.15000,90.00000,75.00000, 82.50000
80945,2022,6,13,0.00000,95.00000,76.00000, 85.50000
80945,2022,6,14,0.00000,95.00000,78.00000, 86.50000
80945,2022,6,15,0.74000,96.00000,72.00000, 84.00000
80945,2022,6,16,0.24000,94.00000,77.00000, 85.50000
80945,2022,6,17,0.00000,95.00000,78.00000, 86.50000
80945,2022,6,18,0.20000,95.00000,76.00000, 85.50000
80945,2022,6,19,0.12000,94.00000,76.00000, 85.00000
80945,2022,6,20,0.76000,92.00000,75.00000, 83.50000
80945,2022,6,21,0.01000,90.00000,76.00000, 83.00000
80945,2022,6,22,0.00000,91.00000,72.00000, 81.50000
80945,2022,6,23,0.00000,94.00000,72.00000, 83.00000
80945,2022,6,24,0.00000,95.00000,79.00000, 87.00000
80945,2022,6,25,0.00000,95.00000,77.00000, 86.00000
80945,2022,6,26,2.36000,92.00000,76.00000, 84.00000
80945,2022,6,27,0.82000,94.00000,75.00000, 84.50000
80945,2022,6,28,0.96000,94.00000,73.00000, 83.50000
80945,2022,6,29,0.92000,94.00000,74.00000, 84.00000
80945,2022,6,30,0.04000,94.00000,76.00000, 85.00000
80945,2022,7,1,0.00000,94.00000,75.00000, 84.50000
80945,2022,7,2,0.00000,91.00000,77.00000, 84.00000
80945,2022,7,3,0.00000,93.00000,77.00000, 85.00000
80945,2022,7,4,0.05000,93.00000,76.00000, 84.50000
80945,2022,7,5,0.91000,95.00000,76.00000, 85.50000
80945,2022,7,6,1.46000,93.00000,75.00000, 84.00000
80945,2022,7,7,0.02000,92.00000,77.00000, 84.50000
80945,2022,7,8,1.58000,95.00000,75.00000, 85.00000
80945,2022,7,9,0.00000,93.00000,77.00000, 85.00000
80945,2022,7,10,0.20000,93.00000,79.00000, 86.00000
80945,2022,7,11,0.00000,92.00000,79.00000, 85.50000
80945,2022,7,12,0.10000,94.00000,78.00000, 86.00000
80945,2022,7,13,1.62000,97.00000,75.00000, 86.00000
80945,2022,7,14,1.32000,92.00000,74.00000, 83.00000
80945,2022,7,15,0.01000,93.00000,74.00000, 83.50000
80945,2022,7,16,0.00000,91.00000,75.00000, 83.00000
80945,2022,7,17,0.38000,90.00000,75.00000, 82.50000
80945,2022,7,18,0.00000,94.00000,78.00000, 86.00000
80945,2022,7,19,0.00000,94.00000,79.00000, 86.50000
80945,2022,7,20,0.00000,95.00000,78.00000, 86.50000
80945,2022,7,21,0.00000,95.00000,76.00000, 85.50000
80945,2022,7,22,0.60000,96.00000,75.00000, 85.50000
80945,2022,7,23,0.32000,95.00000,73.00000, 84.00000
80945,2022,7,24,0.00000,94.00000,76.00000, 85.00000
80945,2022,7,25,0.01000,94.00000,76.00000, 85.00000
80945,2022,7,26,1.04000,92.00000,74.00000, 83.00000
80945,2022,7,27,0.00000,92.00000,75.00000, 83.50000
80945,2022,7,28,0.00000,95.00000,75.00000, 85.00000
80945,2022,7,29,0.00000,95.00000,77.00000, 86.00000
80945,2022,7,30,0.00000,95.00000,77.00000, 86.00000
80945,2022,7,31,0.00000,96.00000,77.00000, 86.50000
80945,2022,8,1,0.00000,96.00000,78.00000, 87.00000
80945,2022,8,2,0.00000,96.00000,78.00000, 87.00000
80945,2022,8,3,1.58000,94.00000,72.00000, 83.00000
80945,2022,8,4,0.02000,94.00000,74.00000, 84.00000
80945,2022,8,5,0.03000,94.00000,77.00000, 85.50000
80945,2022,8,6,0.00000,93.00000,77.00000, 85.00000
80945,2022,8,7,0.19000,93.00000,78.00000, 85.50000
80945,2022,8,8,0.36000,93.00000,75.00000, 84.00000
80945,2022,8,9,0.42000,93.00000,74.00000, 83.50000
80945,2022,8,10,0.00000,93.00000,76.00000, 84.50000
80945,2022,8,11,0.00000,93.00000,76.00000, 84.50000
80945,2022,8,12,0.00000,93.00000,76.00000, 84.50000
80945,2022,8,13,0.00000,94.00000,76.00000, 85.00000
80945,2022,8,14,0.00000,91.00000,76.00000, 83.50000
80945,2022,8,15,0.26000,91.00000,76.00000, 83.50000
80945,2022,8,16,0.00000,92.00000,76.00000, 84.00000
80945,2022,8,17,0.00000,93.00000,78.00000, 85.50000
80945,2022,8,18,0.49000,94.00000,76.00000, 85.00000
80945,2022,8,19,0.00000,93.00000,76.00000, 84.50000
80945,2022,8,20,0.00000,96.00000,77.00000, 86.50000
80945,2022,8,21,0.90000,95.00000,75.00000, 85.00000
80945,2022,8,22,0.01000,94.00000,77.00000, 85.50000
80945,2022,8,23,0.00000,94.00000,72.00000, 83.00000
80945,2022,8,24,3.50000,95.00000,73.00000, 84.00000
80945,2022,8,25,0.18000,94.00000,76.00000, 85.00000
80945,2022,8,26,0.18000,91.00000,75.00000, 83.00000
80945,2022,8,27,0.01000,91.00000,77.00000, 84.00000
80945,2022,8,28,0.16000,93.00000,76.00000, 84.50000
80945,2022,8,29,0.00000,89.00000,76.00000, 82.50000
80945,2022,8,30,0.20000,90.00000,77.00000, 83.50000
80945,2022,8,31,0.01000,94.00000,77.00000, 85.50000
80945,2022,9,1,0.04000,94.00000,77.00000, 85.50000
80945,2022,9,2,0.00000,91.00000,76.00000, 83.50000
80945,2022,9,3,0.00000,92.00000,75.00000, 83.50000
80945,2022,9,4,0.00000,95.00000,77.00000, 86.00000
80945,2022,9,5,0.01000,96.00000,78.00000, 87.00000
80945,2022,9,6,0.05000,94.00000,77.00000, 85.50000
80945,2022,9,7,0.03000,95.00000,74.00000, 84.50000
80945,2022,9,8,1.17000,85.00000,72.00000, 78.50000
80945,2022,9,9,0.30000,86.00000,73.00000, 79.50000
80945,2022,9,10,0.90000,85.00000,74.00000, 79.50000
80945,2022,9,11,0.25000,92.00000,76.00000, 84.00000
80945,2022,9,12,0.05000,93.00000,76.00000, 84.50000
80945,2022,9,13,0.07000,90.00000,75.00000, 82.50000
80945,2022,9,14,0.02000,85.00000,75.00000, 80.00000
80945,2022,9,15,0.08000,88.00000,74.00000, 81.00000
80945,2022,9,16,2.13000,88.00000,72.00000, 80.00000
80945,2022,9,17,1.25000,89.00000,73.00000, 81.00000
80945,2022,9,18,0.02000,86.00000,72.00000, 79.00000
80945,2022,9,19,0.00000,90.00000,73.00000, 81.50000
80945,2022,9,20,1.53000,91.00000,74.00000, 82.50000
80945,2022,9,21,0.00000,90.00000,74.00000, 82.00000
80945,2022,9,22,0.00000,90.00000,76.00000, 83.00000
80945,2022,9,23,0.00000,92.00000,73.00000, 82.50000
80945,2022,9,24,0.00000,89.00000,76.00000, 82.50000
80945,2022,9,25,0.05000,88.00000,75.00000, 81.50000
80945,2022,9,26,0.87000,92.00000,73.00000, 82.50000
80945,2022,9,27,0.46000,78.00000,74.00000, 76.00000
80945,2022,9,28,7.09000,76.00000,72.00000, 74.00000
80945,2022,9,29,1.20000,76.00000,69.00000, 72.50000
80945,2022,9,30,0.00000,78.00000,67.00000, 72.50000
80945,2022,10,1,0.00000,84.00000,66.00000, 75.00000
80945,2022,10,2,0.00000,85.00000,66.00000, 75.50000
80945,2022,10,3,0.00000,86.00000,66.00000, 76.00000
80945,2022,10,4,0.00000,83.00000,66.00000, 74.50000
80945,2022,10,5,0.00000,83.00000,65.00000, 74.00000
80945,2022,10,6,0.00000,85.00000,65.00000, 75.00000
80945,2022,10,7,0.00000,84.00000,64.00000, 74.00000
80945,2022,10,8,0.00000,85.00000,64.00000, 74.50000
80945,2022,10,9,0.00000,86.00000,69.00000, 77.50000
80945,2022,10,10,0.00000,87.00000,74.00000, 80.50000
80945,2022,10,11,0.00000,88.00000,74.00000, 81.00000
80945,2022,10,12,0.02000,86.00000,75.00000, 80.50000
80945,2022,10,13,0.09000,83.00000,73.00000, 78.00000
80945,2022,10,14,0.00000,88.00000,73.00000, 80.50000
80945,2022,10,15,0.13000,82.00000,70.00000, 76.00000
80945,2022,10,16,0.00000,-99.90000,56.00000, -99.90000
80945,2022,10,17,0.00000,69.00000,53.00000, 61.00000
80945,2022,10,18,0.13000,82.00000,62.00000, 72.00000
80945,2022,10,19,0.00000,70.00000,56.00000, 63.00000
80945,2022,10,20,0.00000,69.00000,53.00000, 61.00000
80945,2022,10,21,0.00000,73.00000,56.00000, 64.50000
80945,2022,10,22,0.00000,74.00000,56.00000, 65.00000
80945,2022,10,23,0.00000,83.00000,61.00000, 72.00000
80945,2022,10,24,0.01000,85.00000,63.00000, 74.00000
80945,2022,10,25,0.00000,86.00000,65.00000, 75.50000
80945,2022,10,26,0.00000,85.00000,68.00000, 76.50000
80945,2022,10,27,0.00000,87.00000,71.00000, 79.00000
80945,2022,10,28,0.00000,87.00000,71.00000, 79.00000
80945,2022,10,29,0.00000,86.00000,69.00000, 77.50000
80945,2022,10,30,0.00000,86.00000,70.00000, 78.00000
80945,2022,10,31,0.00000,87.00000,70.00000, 78.50000
80945,2022,11,1,0.00000,88.00000,71.00000, 79.50000
80945,2022,11,2,0.00000,89.00000,75.00000, 82.00000
80945,2022,11,3,0.38000,88.00000,73.00000, 80.50000
80945,2022,11,4,0.00000,85.00000,66.00000, 75.50000
80945,2022,11,5,0.00000,86.00000,68.00000, 77.00000
80945,2022,11,6,0.00000,88.00000,72.00000, 80.00000
80945,2022,11,7,0.00000,85.00000,71.00000, 78.00000
80945,2022,11,8,0.00000,85.00000,70.00000, 77.50000
80945,2022,11,9,0.15000,85.00000,67.00000, 76.00000
80945,2022,11,10,1.86000,74.00000,66.00000, 70.00000
80945,2022,11,11,0.08000,84.00000,67.00000, 75.50000
80945,2022,11,12,0.00000,83.00000,67.00000, 75.00000
80945,2022,11,13,0.00000,82.00000,64.00000, 73.00000
80945,2022,11,14,0.00000,80.00000,64.00000, 72.00000
80945,2022,11,15,0.00000,84.00000,65.00000, 74.50000
80945,2022,11,16,0.00000,78.00000,64.00000, 71.00000
80945,2022,11,17,0.00000,78.00000,55.00000, 66.50000
80945,2022,11,18,0.00000,68.00000,52.00000, 60.00000
80945,2022,11,19,0.00000,75.00000,55.00000, 65.00000
80945,2022,11,20,0.30000,62.00000,54.00000, 58.00000
80945,2022,11,21,0.00000,78.00000,57.00000, 67.50000
80945,2022,11,22,0.00000,77.00000,65.00000, 71.00000
80945,2022,11,23,0.01000,80.00000,67.00000, 73.50000
80945,2022,11,24,0.00000,80.00000,67.00000, 73.50000
80945,2022,11,25,0.00000,84.00000,68.00000, 76.00000
80945,2022,11,26,0.00000,82.00000,70.00000, 76.00000
80945,2022,11,27,0.40000,84.00000,68.00000, 76.00000
80945,2022,11,28,0.00000,76.00000,68.00000, 72.00000
80945,2022,11,29,0.00000,82.00000,60.00000, 71.00000
80945,2022,11,30,0.00000,84.00000,65.00000, 74.50000
80945,2022,12,1,0.00000,77.00000,63.00000, 70.00000
80945,2022,12,2,0.00000,80.00000,61.00000, 70.50000
80945,2022,12,3,0.00000,81.00000,60.00000, 70.50000
80945,2022,12,4,0.00000,78.00000,60.00000, 69.00000
80945,2022,12,5,0.00000,79.00000,60.00000, 69.50000
80945,2022,12,6,0.00000,82.00000,63.00000, 72.50000
80945,2022,12,7,0.00000,82.00000,61.00000, 71.50000
80945,2022,12,8,0.00000,81.00000,61.00000, 71.00000
80945,2022,12,9,0.00000,81.00000,60.00000, 70.50000
80945,2022,12,10,0.00000,76.00000,62.00000, 69.00000
80945,2022,12,11,0.00000,69.00000,62.00000, 65.50000
80945,2022,12,12,0.01000,73.00000,57.00000, 65.00000
80945,2022,12,13,0.00000,79.00000,59.00000, 69.00000
80945,2022,12,14,0.00000,80.00000,64.00000, 72.00000
80945,2022,12,15,1.18000,80.00000,64.00000, 72.00000
80945,2022,12,16,0.00000,66.00000,57.00000, 61.50000
80945,2022,12,17,0.00000,73.00000,54.00000, 63.50000
80945,2022,12,18,0.00000,68.00000,52.00000, 60.00000
80945,2022,12,19,0.00000,72.00000,47.00000, 59.50000
80945,2022,12,20,0.26000,66.00000,59.00000, 62.50000
80945,2022,12,21,0.17000,70.00000,61.00000, 65.50000
80945,2022,12,22,0.33000,73.00000,60.00000, 66.50000
80945,2022,12,23,0.06000,74.00000,48.00000, 61.00000
80945,2022,12,24,0.00000,48.00000,35.00000, 41.50000
80945,2022,12,25,0.00000,45.00000,34.00000, 39.50000
80945,2022,12,26,0.00000,53.00000,39.00000, 46.00000
80945,2022,12,27,0.00000,66.00000,42.00000, 54.00000
80945,2022,12,28,0.00000,73.00000,47.00000, 60.00000
80945,2022,12,29,0.00000,78.00000,47.00000, 62.50000
80945,2022,12,30,0.00000,80.00000,62.00000, 71.00000
80945,2022,12,31,0.01000,83.00000,66.00000, 74.50000
80945,2023,1,1,0.00000,81.00000,65.00000, 73.00000
80945,2023,1,2,0.00000,82.00000,65.00000, 73.50000
80945,2023,1,3,0.00000,83.00000,65.00000, 74.00000
80945,2023,1,4,0.53000,83.00000,66.00000, 74.50000
80945,2023,1,5,0.32000,81.00000,65.00000, 73.00000
80945,2023,1,6,0.00000,81.00000,51.00000, 66.00000
80945,2023,1,7,0.00000,70.00000,44.00000, 57.00000
80945,2023,1,8,0.00000,73.00000,48.00000, 60.50000
80945,2023,1,9,0.00000,75.00000,50.00000, 62.50000
80945,2023,1,10,0.00000,75.00000,45.00000, 60.00000
80945,2023,1,11,0.00000,73.00000,44.00000, 58.50000
80945,2023,1,12,0.00000,77.00000,51.00000, 64.00000
80945,2023,1,13,0.80000,77.00000,51.00000, 64.00000
80945,2023,1,14,0.00000,54.00000,46.00000, 50.00000
80945,2023,1,15,0.00000,56.00000,39.00000, 47.50000
80945,2023,1,16,0.00000,65.00000,38.00000, 51.50000
80945,2023,1,17,0.00000,73.00000,43.00000, 58.00000
80945,2023,1,18,0.00000,78.00000,52.00000, 65.00000
80945,2023,1,19,0.00000,80.00000,52.00000, 66.00000
80945,2023,1,20,0.00000,79.00000,63.00000, 71.00000
80945,2023,1,21,0.03000,75.00000,62.00000, 68.50000
80945,2023,1,22,0.02000,81.00000,61.00000, 71.00000
80945,2023,1,23,0.23000,71.00000,54.00000, 62.50000
80945,2023,1,24,0.00000,77.00000,49.00000, 63.00000
80945,2023,1,25,0.33000,82.00000,64.00000, 73.00000
80945,2023,1,26,0.02000,82.00000,52.00000, 67.00000
80945,2023,1,27,0.00000,63.00000,49.00000, 56.00000
80945,2023,1,28,0.00000,70.00000,50.00000, 60.00000
80945,2023,1,29,0.00000,83.00000,62.00000, 72.50000
80945,2023,1,30,0.00000,83.00000,61.00000, 72.00000
80945,2023,1,31,0.00000,82.00000,62.00000, 72.00000
80945,2023,2,1,0.00000,82.00000,62.00000, 72.00000
80945,2023,2,2,0.00000,83.00000,59.00000, 71.00000
80945,2023,2,3,0.10000,81.00000,54.00000, 67.50000
80945,2023,2,4,0.00000,75.00000,52.00000, 63.50000
80945,2023,2,5,0.00000,81.00000,60.00000, 70.50000
80945,2023,2,6,0.00000,77.00000,62.00000, 69.50000
80945,2023,2,7,0.00000,79.00000,59.00000, 69.00000
80945,2023,2,8,0.00000,81.00000,58.00000, 69.50000
80945,2023,2,9,0.00000,85.00000,61.00000, 73.00000
80945,2023,2,10,0.00000,83.00000,67.00000, 75.00000
80945,2023,2,11,0.05000,83.00000,66.00000, 74.50000
80945,2023,2,12,0.05000,69.00000,60.00000, 64.50000
80945,2023,2,13,0.00000,67.00000,49.00000, 58.00000
80945,2023,2,14,0.00000,75.00000,46.00000, 60.50000
80945,2023,2,15,0.00000,81.00000,57.00000, 69.00000
80945,2023,2,16,0.00000,83.00000,62.00000, 72.50000
80945,2023,2,17,0.00000,85.00000,61.00000, 73.00000
80945,2023,2,18,0.00000,74.00000,55.00000, 64.50000
80945,2023,2,19,0.00000,81.00000,58.00000, 69.50000
80945,2023,2,20,0.00000,79.00000,58.00000, 68.50000
80945,2023,2,21,0.00000,81.00000,59.00000, 70.00000
80945,2023,2,22,0.00000,86.00000,63.00000, 74.50000
80945,2023,2,23,0.00000,88.00000,63.00000, 75.50000
80945,2023,2,24,0.00000,87.00000,65.00000, 76.00000
80945,2023,2,25,0.00000,86.00000,65.00000, 75.50000
80945,2023,2,26,0.00000,83.00000,60.00000, 71.50000
80945,2023,2,27,0.00000,81.00000,58.00000, 69.50000
80945,2023,2,28,0.00000,82.00000,67.00000, 74.50000
80945,2023,3,1,0.00000,85.00000,62.00000, 73.50000
80945,2023,3,2,0.00000,86.00000,63.00000, 74.50000
80945,2023,3,3,0.00000,86.00000,63.00000, 74.50000
80945,2023,3,4,0.00000,89.00000,73.00000, 81.00000
80945,2023,3,5,0.00000,88.00000,68.00000, 78.00000
80945,2023,3,6,0.00000,85.00000,67.00000, 76.00000
80945,2023,3,7,0.00000,82.00000,67.00000, 74.50000
80945,2023,3,8,0.00000,86.00000,69.00000, 77.50000
80945,2023,3,9,0.03000,83.00000,64.00000, 73.50000
80945,2023,3,10,0.10000,83.00000,63.00000, 73.00000
80945,2023,3,11,0.00000,82.00000,63.00000, 72.50000
80945,2023,3,12,0.00000,83.00000,59.00000, 71.00000
80945,2023,3,13,0.02000,82.00000,69.00000, 75.50000
80945,2023,3,14,0.00000,75.00000,60.00000, 67.50000
80945,2023,3,15,0.00000,67.00000,53.00000, 60.00000
80945,2023,3,16,0.00000,78.00000,52.00000, 65.00000
80945,2023,3,17,0.00000,83.00000,52.00000, 67.50000
80945,2023,3,18,0.00000,84.00000,66.00000, 75.00000
80945,2023,3,19,0.00000,66.00000,52.00000, 59.00000
80945,2023,3,20,0.00000,65.00000,51.00000, 58.00000
80945,2023,3,21,0.00000,77.00000,46.00000, 61.50000
80945,2023,3,22,0.00000,83.00000,55.00000, 69.00000
80945,2023,3,23,0.00000,85.00000,61.00000, 73.00000
80945,2023,3,24,0.00000,85.00000,61.00000, 73.00000
80945,2023,3,25,0.00000,88.00000,67.00000, 77.50000
80945,2023,3,26,0.00000,88.00000,70.00000, 79.00000
80945,2023,3,27,0.00000,89.00000,70.00000, 79.50000
80945,2023,3,28,0.00000,89.00000,69.00000, 79.00000
80945,2023,3,29,0.00000,84.00000,70.00000, 77.00000
80945,2023,3,30,0.00000,85.00000,64.00000, 74.50000
80945,2023,3,31,0.00000,87.00000,63.00000, 75.00000
80945,2023,4,1,0.00000,88.00000,67.00000, 77.50000
80945,2023,4,2,0.00000,84.00000,71.00000, 77.50000
80945,2023,4,3,0.00000,89.00000,66.00000, 77.50000
80945,2023,4,4,0.00000,89.00000,68.00000, 78.50000
80945,2023,4,5,0.00000,91.00000,70.00000, 80.50000
80945,2023,4,6,0.00000,90.00000,70.00000, 80.00000
80945,2023,4,7,0.00000,90.00000,70.00000, 80.00000
80945,2023,4,8,0.02000,89.00000,69.00000, 79.00000
80945,2023,4,9,0.43000,79.00000,68.00000, 73.50000
80945,2023,4,10,0.00000,84.00000,66.00000, 75.00000
80945,2023,4,11,0.00000,82.00000,63.00000, 72.50000
80945,2023,4,12,0.03000,77.00000,66.00000, 71.50000
80945,2023,4,13,0.00000,87.00000,68.00000, 77.50000
80945,2023,4,14,0.00000,89.00000,70.00000, 79.50000
80945,2023,4,15,0.00000,90.00000,71.00000, 80.50000
80945,2023,4,16,0.02000,93.00000,71.00000, 82.00000
80945,2023,4,17,3.28000,78.00000,66.00000, 72.00000
80945,2023,4,18,0.00000,82.00000,56.00000, 69.00000
80945,2023,4,19,0.00000,85.00000,63.00000, 74.00000
80945,2023,4,20,0.00000,86.00000,64.00000, 75.00000
80945,2023,4,21,0.00000,88.00000,66.00000, 77.00000
80945,2023,4,22,0.00000,87.00000,67.00000, 77.00000
80945,2023,4,23,0.03000,89.00000,69.00000, 79.00000
80945,2023,4,24,0.00000,88.00000,70.00000, 79.00000
80945,2023,4,25,0.00000,90.00000,68.00000, 79.00000
80945,2023,4,26,0.00000,89.00000,68.00000, 78.50000
80945,2023,4,27,0.23000,91.00000,68.00000, 79.50000
80945,2023,4,28,0.01000,91.00000,68.00000, 79.50000
80945,2023,4,29,0.14000,91.00000,68.00000, 79.50000
80945,2023,4,30,0.39000,80.00000,70.00000, 75.00000
80945,2023,5,1,0.01000,83.00000,66.00000, 74.50000
80945,2023,5,2,0.00000,84.00000,66.00000, 75.00000
80945,2023,5,3,0.00000,83.00000,65.00000, 74.00000
80945,2023,5,4,0.00000,85.00000,61.00000, 73.00000
80945,2023,5,5,0.00000,88.00000,62.00000, 75.00000
80945,2023,5,6,0.06000,91.00000,70.00000, 80.50000
80945,2023,5,7,0.00000,91.00000,68.00000, 79.50000
80945,2023,5,8,0.00000,87.00000,66.00000, 76.50000
80945,2023,5,9,0.00000,90.00000,68.00000, 79.00000
80945,2023,5,10,0.00000,92.00000,69.00000, 80.50000
80945,2023,5,11,0.00000,93.00000,72.00000, 82.50000
80945,2023,5,12,0.15000,93.00000,72.00000, 82.50000
80945,2023,5,13,0.02000,91.00000,72.00000, 81.50000
80945,2023,5,14,0.00000,89.00000,71.00000, 80.00000
80945,2023,5,15,0.00000,91.00000,70.00000, 80.50000
80945,2023,5,16,0.00000,92.00000,70.00000, 81.00000
80945,2023,5,17,0.00000,90.00000,74.00000, 82.00000
80945,2023,5,18,0.00000,92.00000,72.00000, 82.00000
80945,2023,5,19,0.00000,92.00000,71.00000, 81.50000
80945,2023,5,20,0.00000,93.00000,73.00000, 83.00000
80945,2023,5,21,1.95000,90.00000,72.00000, 81.00000
80945,2023,5,22,0.01000,93.00000,72.00000, 82.50000
80945,2023,5,23,0.80000,91.00000,71.00000, 81.00000
80945,2023,5,24,4.00000,91.00000,68.00000, 79.50000
80945,2023,5,25,0.17000,87.00000,68.00000, 77.50000
80945,2023,5,26,0.14000,87.00000,68.00000, 77.50000
80945,2023,5,27,0.00000,84.00000,67.00000, 75.50000
80945,2023,5,28,0.00000,85.00000,69.00000, 77.00000
80945,2023,5,29,0.00000,88.00000,67.00000, 77.50000
80945,2023,5,30,0.00000,90.00000,69.00000, 79.50000
80945,2023,5,31,1.40000,88.00000,70.00000, 79.00000
80945,2023,6,1,1.68000,89.00000,70.00000, 79.50000
80945,2023,6,2,1.14000,89.00000,70.00000, 79.50000
80945,2023,6,3,0.01000,88.00000,71.00000, 79.50000
80945,2023,6,4,0.00000,90.00000,70.00000, 80.00000
80945,2023,6,5,0.00000,88.00000,71.00000, 79.50000
80945,2023,6,6,0.00000,92.00000,70.00000, 81.00000
80945,2023,6,7,0.00000,90.00000,73.00000, 81.50000
80945,2023,6,8,0.00000,90.00000,73.00000, 81.50000
80945,2023,6,9,0.00000,91.00000,75.00000, 83.00000
80945,2023,6,10,0.00000,93.00000,74.00000, 83.50000
80945,2023,6,11,0.00000,93.00000,74.00000, 83.50000
80945,2023,6,12,0.00000,94.00000,76.00000, 85.00000
80945,2023,6,13,0.00000,94.00000,77.00000, 85.50000
80945,2023,6,14,0.00000,94.00000,78.00000, 86.00000
80945,2023,6,15,0.00000,95.00000,77.00000, 86.00000
80945,2023,6,16,0.05000,91.00000,77.00000, 84.00000
80945,2023,6,17,0.29000,94.00000,79.00000, 86.50000
80945,2023,6,18,0.85000,94.00000,72.00000, 83.00000
80945,2023,6,19,0.00000,93.00000,77.00000, 85.00000
80945,2023,6,20,0.00000,93.00000,77.00000, 85.00000
80945,2023,6,21,0.87000,90.00000,72.00000, 81.00000
80945,2023,6,22,0.00000,93.00000,73.00000, 83.00000
80945,2023,6,23,0.01000,95.00000,73.00000, 84.00000
80945,2023,6,24,0.00000,95.00000,76.00000, 85.50000
80945,2023,6,25,0.00000,92.00000,78.00000, 85.00000
80945,2023,6,26,0.00000,95.00000,77.00000, 86.00000
80945,2023,6,27,0.00000,95.00000,76.00000, 85.50000
80945,2023,6,28,0.00000,93.00000,80.00000, 86.50000
80945,2023,6,29,1.71000,95.00000,75.00000, 85.00000
80945,2023,6,30,0.00000,94.00000,77.00000, 85.50000
80945,2023,7,1,0.00000,94.00000,75.00000, 84.50000
80945,2023,7,2,0.00000,96.00000,77.00000, 86.50000
80945,2023,7,3,0.00000,97.00000,80.00000, 88.50000
80945,2023,7,4,0.00000,97.00000,78.00000, 87.50000
80945,2023,7,5,0.00000,97.00000,81.00000, 89.00000
80945,2023,7,6,0.00000,95.00000,78.00000, 86.50000
80945,2023,7,7,0.02000,95.00000,78.00000, 86.50000
80945,2023,7,8,0.00000,93.00000,81.00000, 87.00000
80945,2023,7,9,0.00000,96.00000,80.00000, 88.00000
80945,2023,7,10,0.53000,95.00000,75.00000, 85.00000
80945,2023,7,11,0.00000,94.00000,77.00000, 85.50000
80945,2023,7,12,0.00000,96.00000,79.00000, 87.50000
80945,2023,7,13,0.40000,96.00000,79.00000, 87.50000
80945,2023,7,14,0.00000,97.00000,77.00000, 87.00000
80945,2023,7,15,0.00000,97.00000,77.00000, 87.00000
80945,2023,7,16,0.02000,96.00000,79.00000, 87.50000
80945,2023,7,17,0.18000,97.00000,80.00000, 88.50000
80945,2023,7,18,0.30000,93.00000,76.00000, 84.50000
80945,2023,7,19,0.30000,95.00000,76.00000, 85.50000
80945,2023,7,20,0.60000,98.00000,78.00000, 88.00000
80945,2023,7,21,0.00000,96.00000,77.00000, 86.50000
80945,2023,7,22,0.05000,96.00000,79.00000, 87.50000
80945,2023,7,23,0.14000,96.00000,78.00000, 87.00000
80945,2023,7,24,0.00000,94.00000,79.00000, 86.50000
80945,2023,7,25,0.00000,96.00000,78.00000, 87.00000
80945,2023,7,26,0.05000,96.00000,78.00000, 87.00000
80945,2023,7,27,0.00000,96.00000,77.00000, 86.50000
80945,2023,7,28,0.08000,95.00000,77.00000, 86.00000
80945,2023,7,29,0.55000,95.00000,78.00000, 86.50000
80945,2023,7,30,0.00000,97.00000,79.00000, 88.00000
80945,2023,7,31,0.32000,96.00000,77.00000, 86.50000
80945,2023,8,1,0.20000,93.00000,77.00000, 85.00000
80945,2023,8,2,0.20000,95.00000,79.00000, 87.00000
80945,2023,8,3,0.05000,94.00000,78.00000, 86.00000
80945,2023,8,4,0.09000,95.00000,78.00000, 86.50000
80945,2023,8,5,0.00000,95.00000,78.00000, 86.50000
80945,2023,8,6,0.00000,98.00000,78.00000, 88.00000
80945,2023,8,7,0.00000,99.00000,82.00000, 90.50000
80945,2023,8,8,0.00000,100.00000,81.00000, 90.50000
80945,2023,8,9,0.00000,101.00000,81.00000, 91.00000
80945,2023,8,10,0.00000,99.00000,83.00000, 91.00000
80945,2023,8,11,0.00000,99.00000,80.00000, 89.50000
80945,2023,8,12,0.00000,100.00000,81.00000, 90.50000
80945,2023,8,13,0.26000,99.00000,79.00000, 89.00000
80945,2023,8,14,0.09000,91.00000,79.00000, 85.00000
80945,2023,8,15,0.00000,98.00000,79.00000, 88.50000
80945,2023,8,16,0.13000,98.00000,76.00000, 87.00000
80945,2023,8,17,0.59000,98.00000,76.00000, 87.00000
80945,2023,8,18,0.58000,96.00000,78.00000, 87.00000
80945,2023,8,19,0.01000,95.00000,78.00000, 86.50000
80945,2023,8,20,0.49000,93.00000,75.00000, 84.00000
80945,2023,8,21,0.05000,93.00000,77.00000, 85.00000
80945,2023,8,22,0.05000,95.00000,78.00000, 86.50000
80945,2023,8,23,0.00000,95.00000,76.00000, 85.50000
80945,2023,8,24,0.04000,91.00000,79.00000, 85.00000
80945,2023,8,25,0.00000,95.00000,73.00000, 84.00000
80945,2023,8,26,0.00000,95.00000,73.00000, 84.00000
80945,2023,8,27,0.00000,95.00000,73.00000, 84.00000
80945,2023,8,28,0.63000,94.00000,79.00000, 86.50000
80945,2023,8,29,2.40000,84.00000,76.00000, 80.00000
80945,2023,8,30,1.70000,88.00000,78.00000, 83.00000
80945,2023,8,31,0.30000,92.00000,79.00000, 85.50000
80945,2023,9,1,0.30000,96.00000,78.00000, 87.00000
80945,2023,9,2,0.00000,91.00000,77.00000, 84.00000
80945,2023,9,3,0.00000,90.00000,74.00000, 82.00000
80945,2023,9,4,0.00000,90.00000,74.00000, 82.00000
80945,2023,9,5,0.00000,93.00000,75.00000, 84.00000
80945,2023,9,6,0.00000,93.00000,76.00000, 84.50000
80945,2023,9,7,0.00000,93.00000,77.00000, 85.00000
80945,2023,9,8,0.85000,89.00000,73.00000, 81.00000
80945,2023,9,9,0.00000,91.00000,72.00000, 81.50000
80945,2023,9,10,0.00000,94.00000,72.00000, 83.00000
80945,2023,9,11,0.71000,94.00000,76.00000, 85.00000
80945,2023,9,12,0.00000,94.00000,75.00000, 84.50000
80945,2023,9,13,0.00000,93.00000,77.00000, 85.00000
80945,2023,9,14,0.00000,91.00000,76.00000, 83.50000
80945,2023,9,15,0.00000,93.00000,76.00000, 84.50000
80945,2023,9,16,0.00000,93.00000,77.00000, 85.00000
80945,2023,9,17,0.00000,95.00000,77.00000, 86.00000
80945,2023,9,18,0.50000,91.00000,75.00000, 83.00000
80945,2023,9,19,0.49000,91.00000,75.00000, 83.00000
80945,2023,9,20,1.10000,91.00000,73.00000, 82.00000
80945,2023,9,21,0.80000,89.00000,71.00000, 80.00000
80945,2023,9,22,0.00000,89.00000,71.00000, 80.00000
80945,2023,9,23,0.00000,87.00000,71.00000, 79.00000
80945,2023,9,24,0.16000,89.00000,73.00000, 81.00000
80945,2023,9,25,0.10000,90.00000,73.00000, 81.50000
80945,2023,9,26,0.00000,88.00000,76.00000, 82.00000
80945,2023,9,27,0.00000,87.00000,77.00000, 82.00000
80945,2023,9,28,0.00000,90.00000,75.00000, 82.50000
80945,2023,9,29,0.00000,88.00000,76.00000, 82.00000
80945,2023,9,30,0.00000,92.00000,77.00000, 84.50000
80945,2023,10,1,0.00000,90.00000,77.00000, 83.50000
80945,2023,10,2,0.00000,89.00000,73.00000, 81.00000
80945,2023,10,3,0.00000,88.00000,72.00000, 80.00000
80945,2023,10,4,0.00000,88.00000,73.00000, 80.50000
80945,2023,10,5,0.00000,90.00000,74.00000, 82.00000
80945,2023,10,6,0.00000,90.00000,74.00000, 82.00000
80945,2023,10,7,0.00000,93.00000,74.00000, 83.50000
80945,2023,10,8,0.00000,78.00000,69.00000, 73.50000
80945,2023,10,9,0.00000,79.00000,65.00000, 72.00000
80945,2023,10,10,0.00000,84.00000,65.00000, 74.50000
80945,2023,10,11,0.15000,89.00000,74.00000, 81.50000
80945,2023,10,12,0.35000,90.00000,79.00000, 84.50000
80945,2023,10,13,0.20000,90.00000,79.00000, 84.50000
80945,2023,10,14,0.00000,84.00000,72.00000, 78.00000
80945,2023,10,15,0.00000,80.00000,71.00000, 75.50000
80945,2023,10,16,0.00000,80.00000,64.00000, 72.00000
80945,2023,10,17,0.00000,71.00000,57.00000, 64.00000
80945,2023,10,18,0.00000,79.00000,52.00000, 65.50000
80945,2023,10,19,0.00000,82.00000,63.00000, 72.50000
80945,2023,10,20,0.00000,83.00000,62.00000, 72.50000
80945,2023,10,21,0.00000,85.00000,67.00000, 76.00000
80945,2023,10,22,0.00000,85.00000,65.00000, 75.00000
80945,2023,10,23,0.00000,83.00000,64.00000, 73.50000
80945,2023,10,24,0.00000,87.00000,67.00000, 77.00000
80945,2023,10,25,0.00000,87.00000,67.00000, 77.00000
80945,2023,10,26,0.00000,87.00000,67.00000, 77.00000
80945,2023,10,27,0.00000,87.00000,68.00000, 77.50000
80945,2023,10,28,0.00000,87.00000,68.00000, 77.50000
80945,2023,10,29,0.00000,88.00000,67.00000, 77.50000
80945,2023,10,30,0.00000,88.00000,67.00000, 77.50000
80945,2023,10,31,0.00000,88.00000,67.00000, 77.50000
80945,2023,11,1,0.00000,76.00000,58.00000, 67.00000
80945,2023,11,2,0.00000,80.00000,55.00000, 67.50000
80945,2023,11,3,0.00000,82.00000,60.00000, 71.00000
80945,2023,11,4,0.00000,81.00000,61.00000, 71.00000
80945,2023,11,5,0.00000,79.00000,61.00000, 70.00000
80945,2023,11,6,0.00000,81.00000,53.00000, 67.00000
80945,2023,11,7,0.00000,84.00000,57.00000, 70.50000
80945,2023,11,8,0.00000,85.00000,57.00000, 71.00000
80945,2023,11,9,0.00000,85.00000,65.00000, 75.00000
80945,2023,11,10,0.00000,88.00000,69.00000, 78.50000
80945,2023,11,11,0.00000,89.00000,68.00000, 78.50000
80945,2023,11,12,0.00000,87.00000,70.00000, 78.50000
80945,2023,11,13,0.00000,79.00000,68.00000, 73.50000
80945,2023,11,14,0.30000,81.00000,68.00000, 74.50000
80945,2023,11,15,0.62000,75.00000,68.00000, 71.50000
80945,2023,11,16,0.02000,75.00000,69.00000, 72.00000
80945,2023,11,17,0.00000,78.00000,66.00000, 72.00000
80945,2023,11,18,0.00000,78.00000,68.00000, 73.00000
80945,2023,11,19,0.00000,80.00000,61.00000, 70.50000
80945,2023,11,20,0.00000,83.00000,60.00000, 71.50000
80945,2023,11,21,0.00000,84.00000,68.00000, 76.00000
80945,2023,11,22,0.26000,83.00000,67.00000, 75.00000
80945,2023,11,23,0.00000,68.00000,58.00000, 63.00000
80945,2023,11,24,0.00000,65.00000,57.00000, 61.00000
80945,2023,11,25,0.00000,77.00000,60.00000, 68.50000
80945,2023,11,26,0.10000,81.00000,66.00000, 73.50000
80945,2023,11,27,0.00000,72.00000,59.00000, 65.50000
80945,2023,11,28,0.00000,60.00000,50.00000, 55.00000
80945,2023,11,29,0.00000,67.00000,48.00000, 57.50000
80945,2023,11,30,0.00000,77.00000,50.00000, 63.50000
80945,2023,12,1,0.00000,82.00000,46.00000, 64.00000
80945,2023,12,2,0.00000,85.00000,70.00000, 77.50000
80945,2023,12,3,0.06000,84.00000,70.00000, 77.00000
80945,2023,12,4,0.00000,82.00000,63.00000, 72.50000
80945,2023,12,5,0.00000,75.00000,54.00000, 64.50000
80945,2023,12,6,0.00000,66.00000,48.00000, 57.00000
80945,2023,12,7,0.00000,72.00000,44.00000, 58.00000
80945,2023,12,8,0.00000,78.00000,57.00000, 67.50000
80945,2023,12,9,0.00000,82.00000,64.00000, 73.00000
80945,2023,12,10,0.63000,83.00000,63.00000, 73.00000
80945,2023,12,11,0.00000,64.00000,51.00000, 57.50000
80945,2023,12,12,0.00000,70.00000,47.00000, 58.50000
80945,2023,12,13,0.00000,75.00000,59.00000, 67.00000
80945,2023,12,14,0.00000,75.00000,60.00000, 67.50000
80945,2023,12,15,0.00000,74.00000,64.00000, 69.00000
80945,2023,12,16,2.25000,71.00000,66.00000, 68.50000
80945,2023,12,17,0.04000,73.00000,60.00000, 66.50000
80945,2023,12,18,0.00000,65.00000,57.00000, 61.00000
80945,2023,12,19,0.00000,65.00000,49.00000, 57.00000
80945,2023,12,20,0.00000,68.00000,47.00000, 57.50000
80945,2023,12,21,0.00000,73.00000,46.00000, 59.50000
80945,2023,12,22,0.00000,72.00000,55.00000, 63.50000
80945,2023,12,23,0.00000,77.00000,55.00000, 66.00000
80945,2023,12,24,0.00000,75.00000,57.00000, 66.00000
80945,2023,12,25,0.32000,73.00000,66.00000, 69.50000
80945,2023,12,26,0.00000,73.00000,60.00000, 66.50000
80945,2023,12,27,0.02000,70.00000,60.00000, 65.00000
80945,2023,12,28,0.14000,70.00000,57.00000, 63.50000
80945,2023,12,29,0.02000,62.00000,49.00000, 55.50000
80945,2023,12,30,0.00000,66.00000,48.00000, 57.00000
80945,2023,12,31,0.00000,69.00000,47.00000, 58.00000
80945,2024,1,1,0.00000,72.00000,53.00000, 62.50000
80945,2024,1,2,0.00000,64.00000,48.00000, 56.00000
80945,2024,1,3,0.00000,69.00000,48.00000, 58.50000
80945,2024,1,4,0.01000,68.00000,51.00000, 59.50000
80945,2024,1,5,0.00000,76.00000,48.00000, 62.00000
80945,2024,1,6,2.70000,75.00000,65.00000, 70.00000
80945,2024,1,7,0.10000,67.00000,54.00000, 60.50000
80945,2024,1,8,0.03000,66.00000,50.00000, 58.00000
80945,2024,1,9,0.44000,79.00000,61.00000, 70.00000
80945,2024,1,10,0.00000,79.00000,52.00000, 65.50000
80945,2024,1,11,0.02000,63.00000,48.00000, 55.50000
80945,2024,1,12,0.05000,79.00000,49.00000, 64.00000
80945,2024,1,13,0.46000,76.00000,53.00000, 64.50000
80945,2024,1,14,0.07000,57.00000,51.00000, 54.00000
80945,2024,1,15,0.16000,73.00000,57.00000, 65.00000
80945,2024,1,16,1.50000,77.00000,56.00000, 66.50000
80945,2024,1,17,0.00000,63.00000,48.00000, 55.50000
80945,2024,1,18,0.03000,70.00000,50.00000, 60.00000
80945,2024,1,19,0.00000,75.00000,58.00000, 66.50000
80945,2024,1,20,0.00000,59.00000,47.00000, 53.00000
80945,2024,1,21,0.00000,62.00000,38.00000, 50.00000
80945,2024,1,22,0.00000,66.00000,47.00000, 56.50000
80945,2024,1,23,0.00000,78.00000,59.00000, 68.50000
80945,2024,1,24,0.00000,82.00000,65.00000, 73.50000
80945,2024,1,25,0.00000,84.00000,66.00000, 75.00000
80945,2024,1,26,0.00000,82.00000,65.00000, 73.50000
80945,2024,1,27,0.00000,84.00000,62.00000, 73.00000
80945,2024,1,28,0.07000,72.00000,57.00000, 64.50000
80945,2024,1,29,0.00000,58.00000,47.00000, 52.50000
80945,2024,1,30,0.00000,65.00000,43.00000, 54.00000
80945,2024,1,31,0.00000,70.00000,46.00000, 58.00000
80945,2024,2,1,0.00000,67.00000,48.00000, 57.50000
80945,2024,2,2,0.00000,68.00000,48.00000, 58.00000
80945,2024,2,3,0.00000,72.00000,44.00000, 58.00000
80945,2024,2,4,0.35000,72.00000,52.00000, 62.00000
80945,2024,2,5,1.40000,69.00000,54.00000, 61.50000
80945,2024,2,6,0.00000,64.00000,52.00000, 58.00000
80945,2024,2,7,0.00000,70.00000,49.00000, 59.50000
80945,2024,2,8,0.00000,73.00000,48.00000, 60.50000
80945,2024,2,9,0.00000,77.00000,49.00000, 63.00000
80945,2024,2,10,0.00000,81.00000,57.00000, 69.00000
80945,2024,2,11,0.00000,83.00000,64.00000, 73.50000
80945,2024,2,12,0.16000,82.00000,66.00000, 74.00000
80945,2024,2,13,0.00000,69.00000,55.00000, 62.00000
80945,2024,2,14,0.00000,72.00000,51.00000, 61.50000
80945,2024,2,15,0.00000,76.00000,51.00000, 63.50000
80945,2024,2,16,0.00000,78.00000,56.00000, 67.00000
80945,2024,2,17,0.80000,80.00000,59.00000, 69.50000
80945,2024,2,18,1.12000,59.00000,55.00000, 57.00000
80945,2024,2,19,0.13000,65.00000,51.00000, 58.00000
80945,2024,2,20,0.00000,65.00000,45.00000, 55.00000
80945,2024,2,21,0.00000,69.00000,43.00000, 56.00000
80945,2024,2,22,0.00000,75.00000,42.00000, 58.50000
80945,2024,2,23,0.04000,76.00000,42.00000, 59.00000
80945,2024,2,24,0.00000,72.00000,52.00000, 62.00000
80945,2024,2,25,0.00000,75.00000,49.00000, 62.00000
80945,2024,2,26,0.00000,76.00000,49.00000, 62.50000
80945,2024,2,27,0.00000,78.00000,49.00000, 63.50000
80945,2024,2,28,0.00000,82.00000,49.00000, 65.50000
80945,2024,2,29,0.00000,82.00000,62.00000, 72.00000
80945,2024,3,1,0.00000,81.00000,64.00000, 72.50000
80945,2024,3,2,0.00000,80.00000,65.00000, 72.50000
80945,2024,3,3,0.00000,83.00000,67.00000, 75.00000
80945,2024,3,4,0.00000,82.00000,66.00000, 74.00000
80945,2024,3,5,0.46000,84.00000,66.00000, 75.00000
80945,2024,3,6,0.01000,80.00000,67.00000, 73.50000
80945,2024,3,7,0.00000,83.00000,67.00000, 75.00000
80945,2024,3,8,0.00000,87.00000,67.00000, 77.00000
80945,2024,3,9,0.00000,86.00000,72.00000, 79.00000
80945,2024,3,10,0.08000,76.00000,63.00000, 69.50000
80945,2024,3,11,0.00000,77.00000,57.00000, 67.00000
80945,2024,3,12,0.00000,80.00000,58.00000, 69.00000
80945,2024,3,13,0.00000,84.00000,61.00000, 72.50000
80945,2024,3,14,0.00000,86.00000,66.00000, 76.00000
80945,2024,3,15,0.00000,84.00000,64.00000, 74.00000
80945,2024,3,16,0.00000,85.00000,66.00000, 75.50000
80945,2024,3,17,0.00000,85.00000,65.00000, 75.00000
80945,2024,3,18,0.06000,86.00000,68.00000, 77.00000
80945,2024,3,19,0.00000,70.00000,58.00000, 64.00000
80945,2024,3,20,0.00000,76.00000,51.00000, 63.50000
80945,2024,3,21,0.00000,87.00000,56.00000, 71.50000
80945,2024,3,22,0.29000,75.00000,65.00000, 70.00000
80945,2024,3,23,0.01000,78.00000,65.00000, 71.50000
80945,2024,3,24,0.00000,81.00000,61.00000, 71.00000
80945,2024,3,25,0.00000,83.00000,61.00000, 72.00000
80945,2024,3,26,0.00000,85.00000,65.00000, 75.00000
80945,2024,3,27,0.02000,87.00000,68.00000, 77.50000
80945,2024,3,28,0.00000,77.00000,66.00000, 71.50000
80945,2024,3,29,0.00000,79.00000,59.00000, 69.00000
80945,2024,3,30,0.00000,82.00000,58.00000, 70.00000
80945,2024,3,31,0.00000,82.00000,59.00000, 70.50000
80945,2024,4,1,0.00000,84.00000,59.00000, 71.50000
80945,2024,4,2,0.00000,85.00000,64.00000, 74.50000
80945,2024,4,3,0.59000,83.00000,65.00000, 74.00000
80945,2024,4,4,0.00000,77.00000,64.00000, 70.50000
80945,2024,4,5,0.00000,78.00000,57.00000, 67.50000
80945,2024,4,6,0.00000,77.00000,61.00000, 69.00000
80945,2024,4,7,0.00000,80.00000,57.00000, 68.50000
80945,2024,4,8,0.00000,81.00000,61.00000, 71.00000
80945,2024,4,9,0.00000,83.00000,63.00000, 73.00000
80945,2024,4,10,0.00000,87.00000,65.00000, 76.00000
80945,2024,4,11,0.41000,87.00000,64.00000, 75.50000
80945,2024,4,12,0.00000,77.00000,63.00000, 70.00000
80945,2024,4,13,0.00000,81.00000,57.00000, 69.00000
80945,2024,4,14,0.00000,83.00000,57.00000, 70.00000
80945,2024,4,15,0.00000,85.00000,58.00000, 71.50000
80945,2024,4,16,0.00000,89.00000,59.00000, 74.00000
80945,2024,4,17,0.00000,88.00000,65.00000, 76.50000
80945,2024,4,18,0.00000,87.00000,65.00000, 76.00000
80945,2024,4,19,0.00000,90.00000,66.00000, 78.00000
80945,2024,4,20,0.00000,88.00000,68.00000, 78.00000
80945,2024,4,21,0.00000,86.00000,69.00000, 77.50000
80945,2024,4,22,0.02000,78.00000,67.00000, 72.50000
80945,2024,4,23,0.00000,83.00000,58.00000, 70.50000
80945,2024,4,24,0.00000,85.00000,58.00000, 71.50000
80945,2024,4,25,0.00000,86.00000,63.00000, 74.50000
80945,2024,4,26,0.00000,87.00000,64.00000, 75.50000
80945,2024,4,27,0.00000,86.00000,67.00000, 76.50000
80945,2024,4,28,0.00000,87.00000,67.00000, 77.00000
80945,2024,4,29,0.00000,87.00000,65.00000, 76.00000
80945,2024,4,30,0.00000,87.00000,65.00000, 76.00000
80945,2024,5,1,0.00000,91.00000,68.00000, 79.50000
80945,2024,5,2,0.05000,90.00000,70.00000, 80.00000
80945,2024,5,3,0.02000,90.00000,69.00000, 79.50000
80945,2024,5,4,0.00000,90.00000,70.00000, 80.00000
80945,2024,5,5,0.00000,91.00000,71.00000, 81.00000
80945,2024,5,6,0.00000,91.00000,70.00000, 80.50000
80945,2024,5,7,0.00000,92.00000,73.00000, 82.50000
80945,2024,5,8,0.00000,93.00000,73.00000, 83.00000
80945,2024,5,9,0.00000,92.00000,74.00000, 83.00000
80945,2024,5,10,0.00000,92.00000,74.00000, 83.00000
80945,2024,5,11,0.00000,94.00000,75.00000, 84.50000
80945,2024,5,12,0.00000,93.00000,69.00000, 81.00000
80945,2024,5,13,0.00000,94.00000,74.00000, 84.00000
80945,2024,5,14,0.00000,92.00000,77.00000, 84.50000
80945,2024,5,15,0.01000,92.00000,77.00000, 84.50000
80945,2024,5,16,0.01000,93.00000,75.00000, 84.00000
80945,2024,5,17,0.00000,95.00000,78.00000, 86.50000
80945,2024,5,18,0.00000,95.00000,77.00000, 86.00000
80945,2024,5,19,0.00000,91.00000,77.00000, 84.00000
80945,2024,5,20,0.00000,92.00000,74.00000, 83.00000
80945,2024,5,21,0.00000,92.00000,70.00000, 81.00000
80945,2024,5,22,0.00000,93.00000,74.00000, 83.50000
80945,2024,5,23,0.00000,94.00000,73.00000, 83.50000
80945,2024,5,24,0.00000,95.00000,73.00000, 84.00000
80945,2024,5,25,0.00000,98.00000,77.00000, 87.50000
80945,2024,5,26,0.00000,97.00000,71.00000, 84.00000
80945,2024,5,27,0.00000,96.00000,73.00000, 84.50000
80945,2024,5,28,0.00000,94.00000,77.00000, 85.50000
80945,2024,5,29,0.00000,95.00000,77.00000, 86.00000
80945,2024,5,30,0.00000,100.00000,76.00000, 88.00000
80945,2024,5,31,0.04000,95.00000,73.00000, 84.00000
80945,2024,6,1,0.00000,93.00000,73.00000, 83.00000
80945,2024,6,2,0.00000,94.00000,72.00000, 83.00000
80945,2024,6,3,0.60000,95.00000,72.00000, 83.50000
80945,2024,6,4,0.00000,96.00000,73.00000, 84.50000
80945,2024,6,5,0.00000,97.00000,76.00000, 86.50000
80945,2024,6,6,0.00000,97.00000,78.00000, 87.50000
80945,2024,6,7,0.00000,96.00000,76.00000, 86.00000
80945,2024,6,8,0.00000,97.00000,78.00000, 87.50000
80945,2024,6,9,0.00000,96.00000,79.00000, 87.50000
80945,2024,6,10,0.48000,96.00000,76.00000, 86.00000
80945,2024,6,11,2.58000,95.00000,74.00000, 84.50000
80945,2024,6,12,0.42000,93.00000,73.00000, 83.00000
80945,2024,6,13,1.12000,91.00000,75.00000, 83.00000
80945,2024,6,14,1.63000,94.00000,73.00000, 83.50000
80945,2024,6,15,0.50000,94.00000,73.00000, 83.50000
80945,2024,6,16,0.05000,95.00000,76.00000, 85.50000
80945,2024,6,17,0.00000,92.00000,77.00000, 84.50000
80945,2024,6,18,0.00000,92.00000,76.00000, 84.00000
80945,2024,6,19,0.12000,89.00000,76.00000, 82.50000
80945,2024,6,20,0.02000,92.00000,75.00000, 83.50000
80945,2024,6,21,0.00000,95.00000,74.00000, 84.50000
80945,2024,6,22,0.41000,94.00000,78.00000, 86.00000
80945,2024,6,23,0.20000,92.00000,76.00000, 84.00000
80945,2024,6,24,1.31000,93.00000,75.00000, 84.00000
80945,2024,6,25,0.01000,91.00000,76.00000, 83.50000
80945,2024,6,26,0.10000,93.00000,77.00000, 85.00000
80945,2024,6,27,0.00000,94.00000,78.00000, 86.00000
80945,2024,6,28,0.15000,95.00000,77.00000, 86.00000
80945,2024,6,29,1.25000,94.00000,76.00000, 85.00000
80945,2024,6,30,0.32000,92.00000,76.00000, 84.00000
80945,2024,7,1,0.00000,92.00000,75.00000, 83.50000
80945,2024,7,2,0.00000,93.00000,75.00000, 84.00000
80945,2024,7,3,0.04000,98.00000,77.00000, 87.50000
80945,2024,7,4,0.08000,97.00000,78.00000, 87.50000
80945,2024,7,5,0.38000,94.00000,78.00000, 86.00000
80945,2024,7,6,0.25000,94.00000,78.00000, 86.00000
80945,2024,7,7,0.03000,98.00000,79.00000, 88.50000
80945,2024,7,8,0.34000,93.00000,81.00000, 87.00000
80945,2024,7,9,0.02000,95.00000,80.00000, 87.50000
80945,2024,7,10,0.00000,95.00000,82.00000, 88.50000
80945,2024,7,11,0.00000,95.00000,82.00000, 88.50000
80945,2024,7,12,0.10000,94.00000,77.00000, 85.50000
80945,2024,7,13,0.30000,95.00000,77.00000, 86.00000
80945,2024,7,14,0.47000,95.00000,75.00000, 85.00000
80945,2024,7,15,0.12000,96.00000,76.00000, 86.00000
80945,2024,7,16,0.01000,92.00000,77.00000, 84.50000
80945,2024,7,17,0.80000,96.00000,74.00000, 85.00000
80945,2024,7,18,0.25000,96.00000,74.00000, 85.00000
80945,2024,7,19,0.00000,96.00000,74.00000, 85.00000
80945,2024,7,20,1.08000,94.00000,78.00000, 86.00000
80945,2024,7,21,0.42000,96.00000,77.00000, 86.50000
80945,2024,7,22,0.67000,96.00000,76.00000, 86.00000
80945,2024,7,23,0.30000,95.00000,77.00000, 86.00000
80945,2024,7,24,0.00000,95.00000,76.00000, 85.50000
80945,2024,7,25,0.30000,95.00000,75.00000, 85.00000
80945,2024,7,26,0.00000,95.00000,75.00000, 85.00000
80945,2024,7,27,0.21000,93.00000,78.00000, 85.50000
80945,2024,7,28,0.50000,94.00000,79.00000, 86.50000
80945,2024,7,29,0.00000,92.00000,77.00000, 84.50000
80945,2024,7,30,0.21000,94.00000,75.00000, 84.50000
80945,2024,7,31,0.00000,96.00000,76.00000, 86.00000
80945,2024,8,1,0.00000,95.00000,77.00000, 86.00000
80945,2024,8,2,0.11000,93.00000,76.00000, 84.50000
80945,2024,8,3,0.90000,90.00000,76.00000, 83.00000
80945,2024,8,4,7.00000,82.00000,75.00000, 78.50000
80945,2024,8,5,6.30000,85.00000,78.00000, 81.50000
80945,2024,8,6,0.35000,92.00000,78.00000, 85.00000
80945,2024,8,7,0.03000,93.00000,80.00000, 86.50000
80945,2024,8,8,0.00000,94.00000,83.00000, 88.50000
80945,2024,8,9,0.14000,93.00000,78.00000, 85.50000
80945,2024,8,10,0.00000,94.00000,80.00000, 87.00000
80945,2024,8,11,0.40000,95.00000,77.00000, 86.00000
80945,2024,8,12,0.00000,96.00000,79.00000, 87.50000
80945,2024,8,13,0.00000,96.00000,79.00000, 87.50000
80945,2024,8,14,0.10000,96.00000,79.00000, 87.50000
80945,2024,8,15,0.00000,94.00000,79.00000, 86.50000
80945,2024,8,16,0.00000,92.00000,78.00000, 85.00000
80945,2024,8,17,0.00000,93.00000,76.00000, 84.50000
80945,2024,8,18,0.00000,95.00000,77.00000, 86.00000
80945,2024,8,19,0.00000,95.00000,78.00000, 86.50000
80945,2024,8,20,1.51000,95.00000,77.00000, 86.00000
80945,2024,8,21,0.26000,95.00000,77.00000, 86.00000
80945,2024,8,22,1.09000,82.00000,73.00000, 77.50000
80945,2024,8,23,0.18000,92.00000,74.00000, 83.00000
80945,2024,8,24,0.00000,92.00000,74.00000, 83.00000
80945,2024,8,25,0.18000,94.00000,77.00000, 85.50000
80945,2024,8,26,1.27000,94.00000,75.00000, 84.50000
80945,2024,8,27,0.15000,94.00000,75.00000, 84.50000
80945,2024,8,28,1.01000,94.00000,74.00000, 84.00000
80945,2024,8,29,1.50000,94.00000,73.00000, 83.50000
80945,2024,8,30,0.00000,94.00000,73.00000, 83.50000
80945,2024,8,31,0.00000,92.00000,76.00000, 84.00000
80945,2024,9,1,3.22000,91.00000,75.00000, 83.00000
80945,2024,9,2,0.00000,90.00000,77.00000, 83.50000
80945,2024,9,3,0.01000,93.00000,78.00000, 85.50000
80945,2024,9,4,2.00000,94.00000,75.00000, 84.50000
80945,2024,9,5,0.56000,94.00000,75.00000, 84.50000
80945,2024,9,6,0.13000,93.00000,77.00000, 85.00000
80945,2024,9,7,0.10000,92.00000,78.00000, 85.00000
80945,2024,9,8,0.62000,92.00000,77.00000, 84.50000
80945,2024,9,9,0.50000,93.00000,78.00000, 85.50000
80945,2024,9,10,0.00000,91.00000,77.00000, 84.00000
80945,2024,9,11,0.00000,92.00000,77.00000, 84.50000
80945,2024,9,12,0.00000,95.00000,72.00000, 83.50000
80945,2024,9,13,0.07000,95.00000,78.00000, 86.50000
80945,2024,9,14,0.01000,94.00000,79.00000, 86.50000
80945,2024,9,15,0.00000,91.00000,77.00000, 84.00000
80945,2024,9,16,0.00000,90.00000,77.00000, 83.50000
80945,2024,9,17,0.00000,93.00000,72.00000, 82.50000
80945,2024,9,18,0.00000,93.00000,76.00000, 84.50000
80945,2024,9,19,0.00000,93.00000,76.00000, 84.50000
80945,2024,9,20,0.00000,93.00000,75.00000, 84.00000
80945,2024,9,21,0.00000,91.00000,76.00000, 83.50000
80945,2024,9,22,0.02000,91.00000,75.00000, 83.00000
80945,2024,9,23,0.00000,92.00000,77.00000, 84.50000
80945,2024,9,24,0.00000,92.00000,76.00000, 84.00000
80945,2024,9,25,0.40000,90.00000,75.00000, 82.50000
80945,2024,9,26,1.75000,90.00000,75.00000, 82.50000
80945,2024,9,27,0.20000,91.00000,79.00000, 85.00000
80945,2024,9,28,0.40000,87.00000,79.00000, 83.00000
80945,2024,9,29,0.00000,93.00000,79.00000, 86.00000
80945,2024,9,30,0.00000,93.00000,78.00000, 85.50000
80945,2024,10,1,0.60000,94.00000,77.00000, 85.50000
80945,2024,10,2,0.00000,94.00000,77.00000, 85.50000
80945,2024,10,3,0.23000,95.00000,76.00000, 85.50000
80945,2024,10,4,0.03000,91.00000,77.00000, 84.00000
80945,2024,10,5,0.02000,90.00000,77.00000, 83.50000
80945,2024,10,6,0.84000,80.00000,71.00000, 75.50000
80945,2024,10,7,0.16000,80.00000,70.00000, 75.00000
80945,2024,10,8,0.05000,83.00000,71.00000, 77.00000
80945,2024,10,9,4.62000,95.00000,74.00000, 84.50000
80945,2024,10,10,0.77000,95.00000,73.00000, 84.00000
80945,2024,10,11,0.04000,81.00000,70.00000, 75.50000
80945,2024,10,12,0.00000,85.00000,69.00000, 77.00000
80945,2024,10,13,0.00000,87.00000,70.00000, 78.50000
80945,2024,10,14,0.00000,87.00000,68.00000, 77.50000
80945,2024,10,15,0.00000,87.00000,65.00000, 76.00000
80945,2024,10,16,0.00000,76.00000,62.00000, 69.00000
80945,2024,10,17,0.00000,76.00000,56.00000, 66.00000
80945,2024,10,18,0.00000,81.00000,59.00000, 70.00000
80945,2024,10,19,0.00000,83.00000,68.00000, 75.50000
80945,2024,10,20,0.00000,83.00000,66.00000, 74.50000
80945,2024,10,21,0.00000,85.00000,68.00000, 76.50000
80945,2024,10,22,0.00000,86.00000,70.00000, 78.00000
80945,2024,10,23,0.00000,85.00000,69.00000, 77.00000
80945,2024,10,24,0.00000,84.00000,67.00000, 75.50000
80945,2024,10,25,0.00000,86.00000,65.00000, 75.50000
80945,2024,10,26,0.00000,85.00000,65.00000, 75.00000
80945,2024,10,27,0.00000,82.00000,64.00000, 73.00000
80945,2024,10,28,0.00000,82.00000,68.00000, 75.00000
80945,2024,10,29,0.00000,86.00000,68.00000, 77.00000
80945,2024,10,30,0.00000,87.00000,70.00000, 78.50000
80945,2024,10,31,0.00000,85.00000,69.00000, 77.00000
80945,2024,11,1,0.00000,87.00000,68.00000, 77.50000
80945,2024,11,2,0.00000,87.00000,71.00000, 79.00000
80945,2024,11,3,0.00000,87.00000,72.00000, 79.50000
80945,2024,11,4,0.00000,85.00000,69.00000, 77.00000
80945,2024,11,5,0.05000,85.00000,72.00000, 78.50000
80945,2024,11,6,0.01000,89.00000,77.00000, 83.00000
80945,2024,11,7,0.01000,90.00000,76.00000, 83.00000
80945,2024,11,8,0.00000,87.00000,72.00000, 79.50000
80945,2024,11,9,0.00000,86.00000,71.00000, 78.50000
80945,2024,11,10,0.00000,87.00000,71.00000, 79.00000
80945,2024,11,11,0.00000,86.00000,71.00000, 78.50000
80945,2024,11,12,0.00000,88.00000,71.00000, 79.50000
80945,2024,11,13,0.00000,86.00000,70.00000, 78.00000
80945,2024,11,14,0.00000,84.00000,68.00000, 76.00000
80945,2024,11,15,0.01000,80.00000,62.00000, 71.00000
80945,2024,11,16,0.00000,79.00000,60.00000, 69.50000
80945,2024,11,17,0.00000,81.00000,60.00000, 70.50000
80945,2024,11,18,0.00000,82.00000,62.00000, 72.00000
80945,2024,11,19,0.00000,84.00000,62.00000, 73.00000
80945,2024,11,20,0.18000,82.00000,70.00000, 76.00000
80945,2024,11,21,0.00000,83.00000,57.00000, 70.00000
80945,2024,11,22,0.00000,68.00000,52.00000, 60.00000
80945,2024,11,23,0.00000,66.00000,50.00000, 58.00000
80945,2024,11,24,0.00000,72.00000,48.00000, 60.00000
80945,2024,11,25,0.00000,78.00000,50.00000, 64.00000
80945,2024,11,26,0.00000,80.00000,53.00000, 66.50000
80945,2024,11,27,0.00000,82.00000,54.00000, 68.00000
80945,2024,11,28,0.00000,79.00000,58.00000, 68.50000
80945,2024,11,29,0.01000,77.00000,59.00000, 68.00000
80945,2024,11,30,0.00000,67.00000,51.00000, 59.00000
80945,2024,12,1,0.00000,64.00000,48.00000, 56.00000
80945,2024,12,2,0.00000,65.00000,43.00000, 54.00000
80945,2024,12,3,0.00000,65.00000,43.00000, 54.00000
80945,2024,12,4,0.00000,67.00000,41.00000, 54.00000
80945,2024,12,5,0.00000,74.00000,48.00000, 61.00000
80945,2024,12,6,0.00000,78.00000,53.00000, 65.50000
80945,2024,12,7,0.00000,70.00000,45.00000, 57.50000
80945,2024,12,8,0.00000,75.00000,50.00000, 62.50000
80945,2024,12,9,0.00000,79.00000,56.00000, 67.50000
80945,2024,12,10,0.00000,82.00000,58.00000, 70.00000
80945,2024,12,11,0.14000,79.00000,56.00000, 67.50000
80945,2024,12,12,0.00000,78.00000,44.00000, 61.00000
80945,2024,12,13,0.00000,75.00000,48.00000, 61.50000
80945,2024,12,14,0.00000,76.00000,48.00000, 62.00000
80945,2024,12,15,0.00000,81.00000,56.00000, 68.50000
80945,2024,12,16,0.00000,80.00000,61.00000, 70.50000
80945,2024,12,17,0.00000,85.00000,67.00000, 76.00000
80945,2024,12,18,0.00000,81.00000,65.00000, 73.00000
80945,2024,12,19,0.00000,79.00000,64.00000, 71.50000
80945,2024,12,20,0.00000,79.00000,51.00000, 65.00000
80945,2024,12,21,0.00000,59.00000,45.00000, 52.00000
80945,2024,12,22,0.00000,66.00000,45.00000, 55.50000
80945,2024,12,23,0.00000,76.00000,52.00000, 64.00000
80945,2024,12,24,0.00000,73.00000,56.00000, 64.50000
80945,2024,12,25,0.00000,66.00000,54.00000, 60.00000
80945,2024,12,26,0.00000,79.00000,60.00000, 69.50000
80945,2024,12,27,0.00000,80.00000,63.00000, 71.50000
80945,2024,12,28,0.00000,80.00000,66.00000, 73.00000
80945,2024,12,29,0.27000,81.00000,69.00000, 75.00000
80945,2024,12,30,0.00000,82.00000,68.00000, 75.00000
80945,2024,12,31,0.01000,80.00000,66.00000, 73.00000
80945,2025,1,1,0.00000,80.00000,56.00000, 68.00000
80945,2025,1,2,0.00000,80.00000,50.00000, 65.00000
80945,2025,1,3,0.00000,67.00000,46.00000, 56.50000
80945,2025,1,4,0.00000,66.00000,49.00000, 57.50000
80945,2025,1,5,0.00000,73.00000,45.00000, 59.00000
80945,2025,1,6,0.14000,76.00000,54.00000, 65.00000
80945,2025,1,7,0.00000,60.00000,45.00000, 52.50000
80945,2025,1,8,0.00000,55.00000,44.00000, 49.50000
80945,2025,1,9,0.00000,53.00000,41.00000, 47.00000
80945,2025,1,10,0.00000,72.00000,43.00000, 57.50000
80945,2025,1,11,0.04000,68.00000,51.00000, 59.50000
80945,2025,1,12,0.00000,62.00000,43.00000, 52.50000
80945,2025,1,13,0.00000,80.00000,53.00000, 66.50000
80945,2025,1,14,0.06000,67.00000,53.00000, 60.00000
80945,2025,1,15,0.00000,62.00000,48.00000, 55.00000
80945,2025,1,16,0.00000,63.00000,53.00000, 58.00000
80945,2025,1,17,0.00000,69.00000,55.00000, 62.00000
80945,2025,1,18,0.02000,74.00000,59.00000, 66.50000
80945,2025,1,19,0.10000,79.00000,57.00000, 68.00000
80945,2025,1,20,0.00000,79.00000,48.00000, 63.50000
80945,2025,1,21,0.49000,57.00000,42.00000, 49.50000
80945,2025,1,22,0.22000,46.00000,41.00000, 43.50000
80945,2025,1,23,0.12000,47.00000,41.00000, 44.00000
80945,2025,1,24,0.03000,54.00000,41.00000, 47.50000
80945,2025,1,25,0.00000,65.00000,37.00000, 51.00000
80945,2025,1,26,0.00000,72.00000,45.00000, 58.50000
80945,2025,1,27,0.00000,73.00000,49.00000, 61.00000
80945,2025,1,28,0.00000,75.00000,50.00000, 62.50000
80945,2025,1,29,0.00000,72.00000,50.00000, 61.00000
80945,2025,1,30,0.00000,83.00000,53.00000, 68.00000
80945,2025,1,31,0.00000,83.00000,58.00000, 70.50000
80945,2025,2,1,0.01000,73.00000,61.00000, 67.00000
80945,2025,2,2,0.00000,79.00000,65.00000, 72.00000
80945,2025,2,3,0.00000,83.00000,63.00000, 73.00000
80945,2025,2,4,0.00000,81.00000,61.00000, 71.00000
80945,2025,2,5,0.00000,84.00000,61.00000, 72.50000
80945,2025,2,6,0.00000,81.00000,61.00000, 71.00000
80945,2025,2,7,0.00000,79.00000,59.00000, 69.00000
80945,2025,2,8,0.00000,83.00000,60.00000, 71.50000
80945,2025,2,9,0.00000,83.00000,58.00000, 70.50000
80945,2025,2,10,0.00000,82.00000,61.00000, 71.50000
80945,2025,2,11,0.00000,83.00000,65.00000, 74.00000
80945,2025,2,12,0.00000,84.00000,64.00000, 74.00000
80945,2025,2,13,0.00000,87.00000,70.00000, 78.50000
80945,2025,2,14,0.00000,83.00000,69.00000, 76.00000
80945,2025,2,15,0.00000,85.00000,68.00000, 76.50000
80945,2025,2,16,0.00000,85.00000,65.00000, 75.00000
80945,2025,2,17,0.00000,74.00000,58.00000, 66.00000
80945,2025,2,18,0.00000,78.00000,53.00000, 65.50000
80945,2025,2,19,0.06000,81.00000,66.00000, 73.50000
80945,2025,2,20,0.00000,68.00000,55.00000, 61.50000
80945,2025,2,21,0.00000,69.00000,43.00000, 56.00000
80945,2025,2,22,0.00000,75.00000,50.00000, 62.50000
80945,2025,2,23,0.00000,77.00000,52.00000, 64.50000
80945,2025,2,24,2.70000,69.00000,60.00000, 64.50000
80945,2025,2,25,0.00000,70.00000,56.00000, 63.00000
80945,2025,2,26,0.00000,79.00000,53.00000, 66.00000
80945,2025,2,27,0.00000,80.00000,56.00000, 68.00000
80945,2025,2,28,0.00000,77.00000,56.00000, 66.50000
80945,2025,3,1,0.00000,74.00000,51.00000, 62.50000
80945,2025,3,2,0.00000,76.00000,57.00000, 66.50000
80945,2025,3,3,0.00000,78.00000,52.00000, 65.00000
80945,2025,3,4,0.00000,81.00000,61.00000, 71.00000
80945,2025,3,5,0.00000,80.00000,67.00000, 73.50000
80945,2025,3,6,0.00000,67.00000,51.00000, 59.00000
80945,2025,3,7,0.00000,76.00000,47.00000, 61.50000
80945,2025,3,8,0.00000,79.00000,50.00000, 64.50000
80945,2025,3,9,0.00000,83.00000,50.00000, 66.50000
80945,2025,3,10,0.17000,74.00000,62.00000, 68.00000
80945,2025,3,11,0.00000,72.00000,56.00000, 64.00000
80945,2025,3,12,0.00000,77.00000,49.00000, 63.00000
80945,2025,3,13,0.00000,77.00000,53.00000, 65.00000
80945,2025,3,14,0.00000,82.00000,56.00000, 69.00000
80945,2025,3,15,0.00000,87.00000,63.00000, 75.00000
80945,2025,3,16,0.02000,87.00000,63.00000, 75.00000
80945,2025,3,17,0.00000,70.00000,59.00000, 64.50000
80945,2025,3,18,0.00000,78.00000,57.00000, 67.50000
80945,2025,3,19,0.00000,81.00000,51.00000, 66.00000
80945,2025,3,20,0.08000,79.00000,55.00000, 67.00000
80945,2025,3,21,0.00000,67.00000,52.00000, 59.50000
80945,2025,3,22,0.00000,74.00000,46.00000, 60.00000
80945,2025,3,23,0.00000,79.00000,51.00000, 65.00000
80945,2025,3,24,0.00000,83.00000,61.00000, 72.00000
80945,2025,3,25,0.00000,84.00000,65.00000, 74.50000
80945,2025,3,26,0.00000,84.00000,58.00000, 71.00000
80945,2025,3,27,0.00000,86.00000,60.00000, 73.00000
80945,2025,3,28,0.00000,84.00000,63.00000, 73.50000
80945,2025,3,29,0.00000,87.00000,66.00000, 76.50000
80945,2025,3,30,0.00000,89.00000,66.00000, 77.50000
80945,2025,3,31,0.01000,88.00000,69.00000, 78.50000
80945,2025,4,1,0.00000,90.00000,69.00000, 79.50000
80945,2025,4,2,0.00000,91.00000,70.00000, 80.50000
80945,2025,4,3,0.00000,90.00000,72.00000, 81.00000
80945,2025,4,4,0.00000,91.00000,72.00000, 81.50000
80945,2025,4,5,0.00000,90.00000,69.00000, 79.50000
80945,2025,4,6,0.00000,90.00000,69.00000, 79.50000
80945,2025,4,7,0.54000,85.00000,70.00000, 77.50000
80945,2025,4,8,0.21000,75.00000,64.00000, 69.50000
80945,2025,4,9,0.00000,76.00000,59.00000, 67.50000
80945,2025,4,10,0.00000,81.00000,60.00000, 70.50000
80945,2025,4,11,0.00000,82.00000,61.00000, 71.50000
80945,2025,4,12,0.20000,75.00000,59.00000, 67.00000
80945,2025,4,13,0.00000,77.00000,55.00000, 66.00000
80945,2025,4,14,0.00000,84.00000,57.00000, 70.50000
80945,2025,4,15,0.00000,81.00000,61.00000, 71.00000
80945,2025,4,16,0.00000,82.00000,66.00000, 74.00000
80945,2025,4,17,0.00000,87.00000,56.00000, 71.50000
80945,2025,4,18,0.00000,88.00000,64.00000, 76.00000
80945,2025,4,19,0.00000,88.00000,64.00000, 76.00000
80945,2025,4,20,0.00000,89.00000,67.00000, 78.00000
80945,2025,4,21,0.00000,90.00000,68.00000, 79.00000
80945,2025,4,22,0.00000,90.00000,67.00000, 78.50000
80945,2025,4,23,0.00000,89.00000,67.00000, 78.00000
80945,2025,4,24,0.00000,90.00000,69.00000, 79.50000
80945,2025,4,25,0.00000,90.00000,68.00000, 79.00000
80945,2025,4,26,0.00000,89.00000,67.00000, 78.00000
80945,2025,4,27,0.00000,90.00000,67.00000, 78.50000
80945,2025,4,28,0.00000,90.00000,68.00000, 79.00000
80945,2025,4,29,0.00000,89.00000,70.00000, 79.50000
80945,2025,4,30,0.00000,89.00000,66.00000, 77.50000
80945,2025,5,1,0.00000,89.00000,66.00000, 77.50000
80945,2025,5,2,0.00000,88.00000,67.00000, 77.50000
80945,2025,5,3,0.00000,88.00000,70.00000, 79.00000
80945,2025,5,4,0.00000,89.00000,71.00000, 80.00000
80945,2025,5,5,0.00000,91.00000,70.00000, 80.50000
80945,2025,5,6,0.00000,92.00000,69.00000, 80.50000
80945,2025,5,7,0.00000,92.00000,72.00000, 82.00000
80945,2025,5,8,0.00000,92.00000,72.00000, 82.00000
80945,2025,5,9,0.00000,91.00000,72.00000, 81.50000
80945,2025,5,10,0.13000,90.00000,72.00000, 81.00000
80945,2025,5,11,0.35000,84.00000,72.00000, 78.00000
80945,2025,5,12,1.14000,86.00000,71.00000, 78.50000
80945,2025,5,13,0.00000,88.00000,67.00000, 77.50000
80945,2025,5,14,0.00000,88.00000,65.00000, 76.50000
80945,2025,5,15,0.00000,92.00000,70.00000, 81.00000
80945,2025,5,16,0.00000,94.00000,76.00000, 85.00000
80945,2025,5,17,0.00000,93.00000,71.00000, 82.00000
80945,2025,5,18,0.00000,93.00000,74.00000, 83.50000
80945,2025,5,19,0.00000,94.00000,76.00000, 85.00000
80945,2025,5,20,0.00000,94.00000,76.00000, 85.00000
80945,2025,5,21,0.00000,94.00000,74.00000, 84.00000
80945,2025,5,22,0.00000,93.00000,77.00000, 85.00000
80945,2025,5,23,0.00000,94.00000,76.00000, 85.00000
80945,2025,5,24,0.00000,97.00000,73.00000, 85.00000
80945,2025,5,25,0.00000,96.00000,72.00000, 84.00000
80945,2025,5,26,0.00000,96.00000,74.00000, 85.00000
80945,2025,5,27,0.00000,96.00000,78.00000, 87.00000
80945,2025,5,28,0.00000,96.00000,77.00000, 86.50000
80945,2025,5,29,0.00000,97.00000,77.00000, 87.00000
80945,2025,5,30,0.20000,93.00000,75.00000, 84.00000
80945,2025,5,31,0.45000,85.00000,73.00000, 79.00000
80945,2025,6,1,0.15000,91.00000,72.00000, 81.50000
80945,2025,6,2,0.09000,81.00000,73.00000, 77.00000
80945,2025,6,3,0.05000,87.00000,70.00000, 78.50000
80945,2025,6,4,0.76000,87.00000,70.00000, 78.50000
80945,2025,6,5,0.00000,92.00000,73.00000, 82.50000
80945,2025,6,6,0.00000,94.00000,77.00000, 85.50000
80945,2025,6,7,0.00000,94.00000,78.00000, 86.00000
80945,2025,6,8,0.00000,93.00000,76.00000, 84.50000
80945,2025,6,9,0.00000,94.00000,77.00000, 85.50000
80945,2025,6,10,0.00000,97.00000,77.00000, 87.00000
80945,2025,6,11,0.01000,95.00000,75.00000, 85.00000
80945,2025,6,12,0.15000,93.00000,75.00000, 84.00000
80945,2025,6,13,0.02000,95.00000,77.00000, 86.00000
80945,2025,6,14,0.09000,97.00000,77.00000, 87.00000
80945,2025,6,15,1.58000,94.00000,74.00000, 84.00000
80945,2025,6,16,0.83000,95.00000,77.00000, 86.00000
80945,2025,6,17,1.30000,94.00000,77.00000, 85.50000
80945,2025,6,18,0.13000,94.00000,75.00000, 84.50000
80945,2025,6,19,2.10000,90.00000,74.00000, 82.00000
80945,2025,6,20,0.25000,92.00000,76.00000, 84.00000
80945,2025,6,21,0.00000,94.00000,76.00000, 85.00000
80945,2025,6,22,0.55000,93.00000,77.00000, 85.00000
80945,2025,6,23,0.15000,94.00000,76.00000, 85.00000
80945,2025,6,24,0.10000,94.00000,75.00000, 84.50000
80945,2025,6,25,0.42000,93.00000,75.00000, 84.00000
80945,2025,6,26,0.05000,95.00000,75.00000, 85.00000
80945,2025,6,27,0.00000,94.00000,74.00000, 84.00000
80945,2025,6,28,0.00000,93.00000,75.00000, 84.00000
80945,2025,6,29,1.30000,91.00000,73.00000, 82.00000
80945,2025,6,30,0.01000,89.00000,74.00000, 81.50000
80945,2025,7,1,0.71000,90.00000,73.00000, 81.50000
80945,2025,7,2,0.00000,91.00000,74.00000, 82.50000
80945,2025,7,3,0.27000,87.00000,76.00000, 81.50000
80945,2025,7,4,0.44000,86.00000,73.00000, 79.50000
80945,2025,7,5,0.11000,92.00000,75.00000, 83.50000
80945,2025,7,6,0.00000,91.00000,77.00000, 84.00000
80945,2025,7,7,0.07000,94.00000,79.00000, 86.50000
80945,2025,7,8,0.00000,93.00000,79.00000, 86.00000
80945,2025,7,9,0.00000,96.00000,78.00000, 87.00000
80945,2025,7,10,0.00000,97.00000,78.00000, 87.50000
80945,2025,7,11,0.00000,96.00000,77.00000, 86.50000
80945,2025,7,12,0.08000,93.00000,79.00000, 86.00000
80945,2025,7,13,0.15000,94.00000,78.00000, 86.00000
80945,2025,7,14,0.45000,91.00000,75.00000, 83.00000
80945,2025,7,15,0.03000,92.00000,76.00000, 84.00000
80945,2025,7,16,0.25000,92.00000,74.00000, 83.00000
80945,2025,7,17,0.00000,94.00000,78.00000, 86.00000
80945,2025,7,18,0.00000,97.00000,78.00000, 87.50000
80945,2025,7,19,0.00000,97.00000,80.00000, 88.50000
80945,2025,7,20,0.00000,97.00000,79.00000, 88.00000
80945,2025,7,21,0.00000,96.00000,80.00000, 88.00000
80945,2025,7,22,0.00000,95.00000,79.00000, 87.00000
80945,2025,7,23,0.50000,91.00000,76.00000, 83.50000
80945,2025,7,24,0.23000,96.00000,76.00000, 86.00000
80945,2025,7,25,0.17000,95.00000,77.00000, 86.00000
80945,2025,7,26,0.00000,97.00000,77.00000, 87.00000
80945,2025,7,27,0.50000,97.00000,79.00000, 88.00000
80945,2025,7,28,0.37000,97.00000,78.00000, 87.50000
80945,2025,7,29,0.00000,96.00000,78.00000, 87.00000
80945,2025,7,30,0.05000,96.00000,80.00000, 88.00000
80945,2025,7,31,0.03000,95.00000,78.00000, 86.50000
80945,2025,8,1,0.00000,97.00000,80.00000, 88.50000
80945,2025,8,2,0.00000,97.00000,80.00000, 88.50000
80945,2025,8,3,0.00000,95.00000,80.00000, 87.50000
80945,2025,8,4,0.24000,96.00000,80.00000, 88.00000
80945,2025,8,5,0.00000,98.00000,76.00000, 87.00000
80945,2025,8,6,0.00000,96.00000,79.00000, 87.50000
80945,2025,8,7,0.26000,94.00000,77.00000, 85.50000
80945,2025,8,8,1.10000,93.00000,76.00000, 84.50000
80945,2025,8,9,0.07000,90.00000,76.00000, 83.00000
80945,2025,8,10,0.60000,85.00000,76.00000, 80.50000
80945,2025,8,11,0.29000,93.00000,76.00000, 84.50000
80945,2025,8,12,0.28000,94.00000,76.00000, 85.00000
80945,2025,8,13,0.05000,95.00000,75.00000, 85.00000
80945,2025,8,14,0.29000,95.00000,75.00000, 85.00000
80945,2025,8,15,0.55000,94.00000,78.00000, 86.00000
80945,2025,8,16,0.01000,97.00000,78.00000, 87.50000
80945,2025,8,17,0.02000,96.00000,79.00000, 87.50000
80945,2025,8,18,1.10000,97.00000,79.00000, 88.00000
80945,2025,8,19,0.01000,94.00000,79.00000, 86.50000
80945,2025,8,20,0.00000,92.00000,78.00000, 85.00000
80945,2025,8,21,0.06000,94.00000,80.00000, 87.00000
80945,2025,8,22,0.10000,93.00000,79.00000, 86.00000
80945,2025,8,23,0.68000,92.00000,75.00000, 83.50000
80945,2025,8,24,2.20000,85.00000,75.00000, 80.00000
80945,2025,8,25,1.68000,92.00000,75.00000, 83.50000
80945,2025,8,26,0.61000,86.00000,73.00000, 79.50000
80945,2025,8,27,0.00000,89.00000,77.00000, 83.00000
80945,2025,8,28,0.00000,95.00000,76.00000, 85.50000
80945,2025,8,29,0.00000,94.00000,76.00000, 85.00000
80945,2025,8,30,0.00000,92.00000,75.00000, 83.50000
80945,2025,8,31,1.60000,86.00000,76.00000, 81.00000
80945,2025,9,1,0.00000,89.00000,75.00000, 82.00000
80945,2025,9,2,0.00000,90.00000,75.00000, 82.50000
80945,2025,9,3,0.55000,91.00000,77.00000, 84.00000
80945,2025,9,4,0.09000,87.00000,77.00000, 82.00000
80945,2025,9,5,0.00000,91.00000,77.00000, 84.00000
80945,2025,9,6,0.26000,92.00000,78.00000, 85.00000
80945,2025,9,7,0.05000,89.00000,77.00000, 83.00000
80945,2025,9,8,0.10000,83.00000,77.00000, 80.00000
80945,2025,9,9,0.31000,82.00000,75.00000, 78.50000
80945,2025,9,10,0.00000,88.00000,74.00000, 81.00000
80945,2025,9,11,0.00000,89.00000,74.00000, 81.50000
80945,2025,9,12,0.02000,86.00000,75.00000, 80.50000
80945,2025,9,13,0.00000,88.00000,72.00000, 80.00000
80945,2025,9,14,0.00000,89.00000,71.00000, 80.00000
80945,2025,9,15,0.00000,90.00000,71.00000, 80.50000
80945,2025,9,16,0.00000,93.00000,71.00000, 82.00000
80945,2025,9,17,0.03000,87.00000,74.00000, 80.50000
80945,2025,9,18,0.00000,87.00000,71.00000, 79.00000
80945,2025,9,19,0.00000,90.00000,72.00000, 81.00000
80945,2025,9,20,0.00000,91.00000,72.00000, 81.50000
80945,2025,9,21,0.00000,91.00000,74.00000, 82.50000
80945,2025,9,22,0.00000,91.00000,74.00000, 82.50000
80945,2025,9,23,0.00000,90.00000,74.00000, 82.00000
80945,2025,9,24,0.00000,91.00000,73.00000, 82.00000
80945,2025,9,25,0.00000,95.00000,77.00000, 86.00000
80945,2025,9,26,0.00000,93.00000,76.00000, 84.50000
80945,2025,9,27,0.03000,90.00000,77.00000, 83.50000
80945,2025,9,28,0.00000,91.00000,76.00000, 83.50000
80945,2025,9,29,0.00000,91.00000,75.00000, 83.00000
80945,2025,9,30,0.00000,87.00000,75.00000, 81.00000
80945,2025,10,1,0.00000,89.00000,74.00000, 81.50000
80945,2025,10,2,0.00000,88.00000,74.00000, 81.00000
80945,2025,10,3,0.00000,89.00000,72.00000, 80.50000
80945,2025,10,4,0.31000,91.00000,72.00000, 81.50000
80945,2025,10,5,0.14000,89.00000,75.00000, 82.00000
80945,2025,10,6,0.01000,90.00000,76.00000, 83.00000
80945,2025,10,7,0.01000,91.00000,77.00000, 84.00000
80945,2025,10,8,0.00000,91.00000,74.00000, 82.50000
80945,2025,10,9,0.00000,91.00000,74.00000, 82.50000
80945,2025,10,10,0.00000,87.00000,75.00000, 81.00000
80945,2025,10,11,0.00000,77.00000,71.00000, 74.00000
80945,2025,10,12,0.00000,81.00000,66.00000, 73.50000
80945,2025,10,13,0.00000,84.00000,64.00000, 74.00000
80945,2025,10,14,0.00000,85.00000,63.00000, 74.00000
80945,2025,10,15,0.00000,84.00000,66.00000, 75.00000
80945,2025,10,16,0.00000,86.00000,67.00000, 76.50000
80945,2025,10,17,0.00000,85.00000,70.00000, 77.50000
80945,2025,10,18,0.00000,85.00000,66.00000, 75.50000
80945,2025,10,19,0.00000,90.00000,66.00000, 78.00000
80945,2025,10,20,0.00000,89.00000,68.00000, 78.50000
80945,2025,10,21,0.00000,86.00000,69.00000, 77.50000
80945,2025,10,22,0.00000,86.00000,68.00000, 77.00000
80945,2025,10,23,0.00000,86.00000,68.00000, 77.00000
80945,2025,10,24,0.00000,86.00000,66.00000, 76.00000
80945,2025,10,25,0.00000,87.00000,66.00000, 76.50000
80945,2025,10,26,0.00000,90.00000,70.00000, 80.00000
80945,2025,10,27,0.04000,90.00000,72.00000, 81.00000
80945,2025,10,28,0.00000,82.00000,68.00000, 75.00000
80945,2025,10,29,0.04000,85.00000,66.00000, 75.50000
80945,2025,10,30,0.00000,85.00000,61.00000, 73.00000
80945,2025,10,31,0.00000,69.00000,56.00000, 62.50000
80945,2025,11,1,0.00000,73.00000,55.00000, 64.00000
80945,2025,11,2,0.00000,79.00000,53.00000, 66.00000
80945,2025,11,3,0.00000,77.00000,63.00000, 70.00000
80945,2025,11,4,0.00000,82.00000,56.00000, 69.00000
80945,2025,11,5,0.00000,83.00000,60.00000, 71.50000
80945,2025,11,6,0.04000,76.00000,62.00000, 69.00000
80945,2025,11,7,0.01000,85.00000,65.00000, 75.00000
80945,2025,11,8,0.00000,87.00000,65.00000, 76.00000
80945,2025,11,9,0.36000,87.00000,69.00000, 78.00000
80945,2025,11,10,0.00000,73.00000,55.00000, 64.00000
80945,2025,11,11,0.01000,55.00000,38.00000, 46.50000
80945,2025,11,12,0.00000,69.00000,38.00000, 53.50000
80945,2025,11,13,0.00000,75.00000,44.00000, 59.50000
80945,2025,11,14,0.00000,77.00000,49.00000, 63.00000
80945,2025,11,15,0.00000,78.00000,49.00000, 63.50000
80945,2025,11,16,0.00000,81.00000,53.00000, 67.00000
80945,2025,11,17,0.00000,80.00000,58.00000, 69.00000
80945,2025,11,18,0.00000,83.00000,58.00000, 70.50000
80945,2025,11,19,0.00000,84.00000,60.00000, 72.00000
80945,2025,11,20,0.00000,84.00000,61.00000, 72.50000
80945,2025,11,21,0.00000,84.00000,61.00000, 72.50000
80945,2025,11,22,0.00000,82.00000,62.00000, 72.00000
80945,2025,11,23,0.00000,82.00000,60.00000, 71.00000
80945,2025,11,24,0.00000,85.00000,66.00000, 75.50000
80945,2025,11,25,0.00000,84.00000,65.00000, 74.50000
80945,2025,11,26,0.00000,86.00000,65.00000, 75.50000
80945,2025,11,27,0.01000,76.00000,57.00000, 66.50000
80945,2025,11,28,0.00000,63.00000,48.00000, 55.50000
80945,2025,11,29,0.00000,76.00000,48.00000, 62.00000
80945,2025,11,30,0.00000,82.00000,62.00000, 72.00000
80945,2025,12,1,0.00000,83.00000,61.00000, 72.00000
80945,2025,12,2,0.07000,84.00000,67.00000, 75.50000
80945,2025,12,3,0.00000,84.00000,57.00000, 70.50000
80945,2025,12,4,0.00000,81.00000,56.00000, 68.50000
80945,2025,12,5,0.00000,83.00000,56.00000, 69.50000
80945,2025,12,6,0.00000,82.00000,71.00000, 76.50000
80945,2025,12,7,1.77000,81.00000,65.00000, 73.00000
80945,2025,12,8,0.02000,81.00000,65.00000, 73.00000
80945,2025,12,9,0.00000,68.00000,55.00000, 61.50000
80945,2025,12,10,0.00000,67.00000,53.00000, 60.00000
80945,2025,12,11,0.00000,70.00000,49.00000, 59.50000
80945,2025,12,12,0.00000,74.00000,45.00000, 59.50000
80945,2025,12,13,0.00000,80.00000,56.00000, 68.00000
80945,2025,12,14,0.00000,78.00000,60.00000, 69.00000
80945,2025,12,15,0.00000,71.00000,54.00000, 62.50000
80945,2025,12,16,0.00000,73.00000,50.00000, 61.50000
80945,2025,12,17,0.00000,78.00000,56.00000, 67.00000
80945,2025,12,18,0.00000,80.00000,61.00000, 70.50000
80945,2025,12,19,0.00000,80.00000,60.00000, 70.00000
80945,2025,12,20,0.00000,77.00000,49.00000, 63.00000
80945,2025,12,21,0.00000,80.00000,55.00000, 67.50000
80945,2025,12,22,0.00000,80.00000,59.00000, 69.50000
80945,2025,12,23,0.00000,80.00000,59.00000, 69.50000
80945,2025,12,24,0.00000,79.00000,56.00000, 67.50000
80945,2025,12,25,0.00000,79.00000,55.00000, 67.00000
80945,2025,12,26,0.00000,79.00000,53.00000, 66.00000
80945,2025,12,27,0.00000,77.00000,54.00000, 65.50000
80945,2025,12,28,0.00000,77.00000,56.00000, 66.50000
80945,2025,12,29,0.03000,78.00000,56.00000, 67.00000
80945,2025,12,30,0.00000,66.00000,51.00000, 58.50000
80945,2025,12,31,0.00000,66.00000,40.00000, 53.00000
